2026-05-08 21:23:24 | INFO     | scripts.system_check | =======================================================
2026-05-08 21:23:24 | INFO     | scripts.system_check | SYSTEM PRE-FLIGHT CHECK
2026-05-08 21:23:24 | INFO     | scripts.system_check | =======================================================
2026-05-08 21:23:24 | INFO     | scripts.system_check | 
[1] Python packages
2026-05-08 21:23:26 | INFO     | scripts.system_check |   [OK] torch
2026-05-08 21:23:26 | INFO     | scripts.system_check |   [OK] numpy
2026-05-08 21:23:26 | INFO     | scripts.system_check |   [OK] pandas
2026-05-08 21:23:26 | INFO     | scripts.system_check |   [OK] hmmlearn
2026-05-08 21:23:27 | INFO     | scripts.system_check |   [OK] sklearn
2026-05-08 21:23:27 | ERROR    | scripts.system_check |   [MISSING] stable_baselines3 — run: pip install -e .
2026-05-08 21:23:27 | ERROR    | scripts.system_check |   [MISSING] arch — run: pip install -e .
2026-05-08 21:23:27 | ERROR    | scripts.system_check |   [MISSING] httpx — run: pip install -e .
2026-05-08 21:23:27 | INFO     | scripts.system_check |   [OK] alpaca (broker=alpaca)
2026-05-08 21:23:27 | INFO     | scripts.system_check | 
[2] GPU / CUDA
2026-05-08 21:23:28 | WARNING  | scripts.system_check |   [WARN] CUDA not available — will use CPU (slower training)
2026-05-08 21:23:28 | INFO     | scripts.system_check | 
[3] Disk space
2026-05-08 21:23:28 | INFO     | scripts.system_check |   [OK] Disk: 57.4 GB free
2026-05-08 21:23:28 | INFO     | scripts.system_check | 
[4] Environment (.env)
2026-05-08 21:23:28 | ERROR    | scripts.system_check |   [FAIL] ALPACA_API_SECRET is not set.
2026-05-08 21:23:28 | INFO     | scripts.system_check | 
[5] ALPACA API connectivity
2026-05-08 21:23:29 | ERROR    | scripts.system_check |   [FAIL] ALPACA API error: A corresponding secret_key must be supplied with the api_key
2026-05-08 21:23:29 | INFO     | scripts.system_check | 
=======================================================
2026-05-08 21:23:29 | ERROR    | scripts.system_check | 3 CHECK(S) FAILED — fix the above issues before running the bot
2026-05-08 21:23:29 | INFO     | scripts.system_check | =======================================================
2026-05-08 21:24:28 | INFO     | scripts.system_check | =======================================================
2026-05-08 21:24:28 | INFO     | scripts.system_check | SYSTEM PRE-FLIGHT CHECK
2026-05-08 21:24:28 | INFO     | scripts.system_check | =======================================================
2026-05-08 21:24:28 | INFO     | scripts.system_check | 
[1] Python packages
2026-05-08 21:24:29 | INFO     | scripts.system_check |   [OK] torch
2026-05-08 21:24:29 | INFO     | scripts.system_check |   [OK] numpy
2026-05-08 21:24:29 | INFO     | scripts.system_check |   [OK] pandas
2026-05-08 21:24:29 | INFO     | scripts.system_check |   [OK] hmmlearn
2026-05-08 21:24:30 | INFO     | scripts.system_check |   [OK] sklearn
2026-05-08 21:24:31 | INFO     | matplotlib.font_manager | generated new fontManager
2026-05-08 21:24:32 | INFO     | scripts.system_check |   [OK] stable_baselines3
2026-05-08 21:24:33 | INFO     | scripts.system_check |   [OK] arch
2026-05-08 21:24:33 | INFO     | scripts.system_check |   [OK] httpx
2026-05-08 21:24:33 | INFO     | scripts.system_check |   [OK] alpaca (broker=alpaca)
2026-05-08 21:24:33 | INFO     | scripts.system_check | 
[2] GPU / CUDA
2026-05-08 21:24:35 | WARNING  | scripts.system_check |   [WARN] CUDA not available — will use CPU (slower training)
2026-05-08 21:24:35 | INFO     | scripts.system_check | 
[3] Disk space
2026-05-08 21:24:35 | INFO     | scripts.system_check |   [OK] Disk: 57.0 GB free
2026-05-08 21:24:35 | INFO     | scripts.system_check | 
[4] Environment (.env)
2026-05-08 21:24:35 | ERROR    | scripts.system_check |   [FAIL] ALPACA_API_SECRET is not set.
2026-05-08 21:24:35 | INFO     | scripts.system_check | 
[5] ALPACA API connectivity
2026-05-08 21:24:35 | ERROR    | scripts.system_check |   [FAIL] ALPACA API error: A corresponding secret_key must be supplied with the api_key
2026-05-08 21:24:35 | INFO     | scripts.system_check | 
=======================================================
2026-05-08 21:24:35 | ERROR    | scripts.system_check | 2 CHECK(S) FAILED — fix the above issues before running the bot
2026-05-08 21:24:35 | INFO     | scripts.system_check | =======================================================
2026-05-08 21:25:31 | INFO     | scripts.system_check | =======================================================
2026-05-08 21:25:31 | INFO     | scripts.system_check | SYSTEM PRE-FLIGHT CHECK
2026-05-08 21:25:31 | INFO     | scripts.system_check | =======================================================
2026-05-08 21:25:31 | INFO     | scripts.system_check | 
[1] Python packages
2026-05-08 21:25:33 | INFO     | scripts.system_check |   [OK] torch
2026-05-08 21:25:33 | INFO     | scripts.system_check |   [OK] numpy
2026-05-08 21:25:33 | INFO     | scripts.system_check |   [OK] pandas
2026-05-08 21:25:33 | INFO     | scripts.system_check |   [OK] hmmlearn
2026-05-08 21:25:34 | INFO     | scripts.system_check |   [OK] sklearn
2026-05-08 21:25:34 | INFO     | scripts.system_check |   [OK] stable_baselines3
2026-05-08 21:25:34 | INFO     | scripts.system_check |   [OK] arch
2026-05-08 21:25:34 | INFO     | scripts.system_check |   [OK] httpx
2026-05-08 21:25:34 | INFO     | scripts.system_check |   [OK] alpaca (broker=alpaca)
2026-05-08 21:25:34 | INFO     | scripts.system_check | 
[2] GPU / CUDA
2026-05-08 21:25:36 | WARNING  | scripts.system_check |   [WARN] CUDA not available — will use CPU (slower training)
2026-05-08 21:25:36 | INFO     | scripts.system_check | 
[3] Disk space
2026-05-08 21:25:36 | INFO     | scripts.system_check |   [OK] Disk: 57.0 GB free
2026-05-08 21:25:36 | INFO     | scripts.system_check | 
[4] Environment (.env)
2026-05-08 21:25:36 | ERROR    | scripts.system_check |   [FAIL] ALPACA_API_SECRET is not set.
2026-05-08 21:25:36 | INFO     | scripts.system_check | 
[5] ALPACA API connectivity
2026-05-08 21:25:36 | ERROR    | scripts.system_check |   [FAIL] ALPACA API error: A corresponding secret_key must be supplied with the api_key
2026-05-08 21:25:36 | INFO     | scripts.system_check | 
=======================================================
2026-05-08 21:25:36 | ERROR    | scripts.system_check | 2 CHECK(S) FAILED — fix the above issues before running the bot
2026-05-08 21:25:36 | INFO     | scripts.system_check | =======================================================
2026-05-08 21:25:43 | INFO     | scripts.system_check | =======================================================
2026-05-08 21:25:43 | INFO     | scripts.system_check | SYSTEM PRE-FLIGHT CHECK
2026-05-08 21:25:43 | INFO     | scripts.system_check | =======================================================
2026-05-08 21:25:43 | INFO     | scripts.system_check | 
[1] Python packages
2026-05-08 21:25:45 | INFO     | scripts.system_check |   [OK] torch
2026-05-08 21:25:45 | INFO     | scripts.system_check |   [OK] numpy
2026-05-08 21:25:45 | INFO     | scripts.system_check |   [OK] pandas
2026-05-08 21:25:45 | INFO     | scripts.system_check |   [OK] hmmlearn
2026-05-08 21:25:46 | INFO     | scripts.system_check |   [OK] sklearn
2026-05-08 21:25:46 | INFO     | scripts.system_check |   [OK] stable_baselines3
2026-05-08 21:25:46 | INFO     | scripts.system_check |   [OK] arch
2026-05-08 21:25:46 | INFO     | scripts.system_check |   [OK] httpx
2026-05-08 21:25:46 | INFO     | scripts.system_check |   [OK] alpaca (broker=alpaca)
2026-05-08 21:25:46 | INFO     | scripts.system_check | 
[2] GPU / CUDA
2026-05-08 21:25:48 | WARNING  | scripts.system_check |   [WARN] CUDA not available — will use CPU (slower training)
2026-05-08 21:25:48 | INFO     | scripts.system_check | 
[3] Disk space
2026-05-08 21:25:48 | INFO     | scripts.system_check |   [OK] Disk: 57.0 GB free
2026-05-08 21:25:48 | INFO     | scripts.system_check | 
[4] Environment (.env)
2026-05-08 21:25:48 | INFO     | scripts.system_check |   [OK] .env loaded — API key: your...here
2026-05-08 21:25:48 | INFO     | scripts.system_check | 
[5] ALPACA API connectivity
2026-05-08 21:25:48 | INFO     | exchange.alpaca_client | Alpaca client connected (paper=True) — account=7c46e40f-4ea1-4676-b5cf-67a3d21c0f1b equity=$9266.89
2026-05-08 21:25:48 | ERROR    | scripts.system_check |   [FAIL] ALPACA API error: cannot import name 'LatestCryptoBarRequest' from 'alpaca.data.requests' (/home/dash/options-spread/.venv/lib/python3.12/site-packages/alpaca/data/requests.py)
2026-05-08 21:25:48 | INFO     | scripts.system_check | 
=======================================================
2026-05-08 21:25:48 | ERROR    | scripts.system_check | 1 CHECK(S) FAILED — fix the above issues before running the bot
2026-05-08 21:25:48 | INFO     | scripts.system_check | =======================================================
2026-05-08 21:25:51 | INFO     | scripts.system_check | =======================================================
2026-05-08 21:25:51 | INFO     | scripts.system_check | SYSTEM PRE-FLIGHT CHECK
2026-05-08 21:25:51 | INFO     | scripts.system_check | =======================================================
2026-05-08 21:25:51 | INFO     | scripts.system_check | 
[1] Python packages
2026-05-08 21:25:53 | INFO     | scripts.system_check |   [OK] torch
2026-05-08 21:25:53 | INFO     | scripts.system_check |   [OK] numpy
2026-05-08 21:25:53 | INFO     | scripts.system_check |   [OK] pandas
2026-05-08 21:25:53 | INFO     | scripts.system_check |   [OK] hmmlearn
2026-05-08 21:25:54 | INFO     | scripts.system_check |   [OK] sklearn
2026-05-08 21:25:54 | INFO     | scripts.system_check |   [OK] stable_baselines3
2026-05-08 21:25:54 | INFO     | scripts.system_check |   [OK] arch
2026-05-08 21:25:54 | INFO     | scripts.system_check |   [OK] httpx
2026-05-08 21:25:54 | INFO     | scripts.system_check |   [OK] alpaca (broker=alpaca)
2026-05-08 21:25:54 | INFO     | scripts.system_check | 
[2] GPU / CUDA
2026-05-08 21:25:56 | WARNING  | scripts.system_check |   [WARN] CUDA not available — will use CPU (slower training)
2026-05-08 21:25:56 | INFO     | scripts.system_check | 
[3] Disk space
2026-05-08 21:25:56 | INFO     | scripts.system_check |   [OK] Disk: 57.0 GB free
2026-05-08 21:25:56 | INFO     | scripts.system_check | 
[4] Environment (.env)
2026-05-08 21:25:56 | INFO     | scripts.system_check |   [OK] .env loaded — API key: your...here
2026-05-08 21:25:56 | INFO     | scripts.system_check | 
[5] ALPACA API connectivity
2026-05-08 21:25:56 | INFO     | exchange.alpaca_client | Alpaca client connected (paper=True) — account=7c46e40f-4ea1-4676-b5cf-67a3d21c0f1b equity=$9267.30
2026-05-08 21:25:56 | ERROR    | scripts.system_check |   [FAIL] ALPACA API error: cannot import name 'LatestCryptoBarRequest' from 'alpaca.data.requests' (/home/dash/options-spread/.venv/lib/python3.12/site-packages/alpaca/data/requests.py)
2026-05-08 21:25:56 | INFO     | scripts.system_check | 
=======================================================
2026-05-08 21:25:56 | ERROR    | scripts.system_check | 1 CHECK(S) FAILED — fix the above issues before running the bot
2026-05-08 21:25:56 | INFO     | scripts.system_check | =======================================================
2026-05-08 21:27:12 | INFO     | scripts.system_check | =======================================================
2026-05-08 21:27:12 | INFO     | scripts.system_check | SYSTEM PRE-FLIGHT CHECK
2026-05-08 21:27:12 | INFO     | scripts.system_check | =======================================================
2026-05-08 21:27:12 | INFO     | scripts.system_check | 
[1] Python packages
2026-05-08 21:27:13 | INFO     | scripts.system_check |   [OK] torch
2026-05-08 21:27:13 | INFO     | scripts.system_check |   [OK] numpy
2026-05-08 21:27:13 | INFO     | scripts.system_check |   [OK] pandas
2026-05-08 21:27:13 | INFO     | scripts.system_check |   [OK] hmmlearn
2026-05-08 21:27:14 | INFO     | scripts.system_check |   [OK] sklearn
2026-05-08 21:27:15 | INFO     | scripts.system_check |   [OK] stable_baselines3
2026-05-08 21:27:15 | INFO     | scripts.system_check |   [OK] arch
2026-05-08 21:27:15 | INFO     | scripts.system_check |   [OK] httpx
2026-05-08 21:27:15 | INFO     | scripts.system_check |   [OK] alpaca (broker=alpaca)
2026-05-08 21:27:15 | INFO     | scripts.system_check | 
[2] GPU / CUDA
2026-05-08 21:27:16 | WARNING  | scripts.system_check |   [WARN] CUDA not available — will use CPU (slower training)
2026-05-08 21:27:16 | INFO     | scripts.system_check | 
[3] Disk space
2026-05-08 21:27:16 | INFO     | scripts.system_check |   [OK] Disk: 57.0 GB free
2026-05-08 21:27:16 | INFO     | scripts.system_check | 
[4] Environment (.env)
2026-05-08 21:27:16 | INFO     | scripts.system_check |   [OK] .env loaded — API key: your...here
2026-05-08 21:27:16 | INFO     | scripts.system_check | 
[5] ALPACA API connectivity
2026-05-08 21:27:17 | INFO     | exchange.alpaca_client | Alpaca client connected (paper=True) — account=7c46e40f-4ea1-4676-b5cf-67a3d21c0f1b equity=$9266.77
2026-05-08 21:27:17 | INFO     | exchange.alpaca_client | Alpaca client closed
2026-05-08 21:27:17 | INFO     | scripts.system_check |   [OK] ALPACA API connected — BTC price=80021.11 USD(T), server_time=1778268437462
2026-05-08 21:27:17 | INFO     | scripts.system_check | 
=======================================================
2026-05-08 21:27:17 | INFO     | scripts.system_check | ALL CHECKS PASSED — bot is ready to run
2026-05-08 21:27:17 | INFO     | scripts.system_check | =======================================================
2026-05-08 21:37:30 | INFO     | exchange.client | Binance AsyncClient connected (testnet=False)
2026-05-08 21:37:30 | INFO     | scripts.risk_monitor | Risk monitor started — polling every 60s
2026-05-08 21:37:30 | WARNING  | exchange.client | BinanceAPIException APIError(code=-2014): API-key format invalid. — retrying (1/3)
2026-05-08 21:37:31 | WARNING  | exchange.client | BinanceAPIException APIError(code=-2014): API-key format invalid. — retrying (2/3)
2026-05-08 21:37:33 | WARNING  | execution.position_manager | Failed to refresh futures positions: APIError(code=-2014): API-key format invalid.
2026-05-08 21:37:34 | WARNING  | exchange.client | BinanceAPIException APIError(code=-2014): API-key format invalid. — retrying (1/3)
2026-05-08 21:37:35 | WARNING  | exchange.client | BinanceAPIException APIError(code=-2014): API-key format invalid. — retrying (2/3)
2026-05-08 21:37:37 | ERROR    | scripts.risk_monitor | Risk monitor error: APIError(code=-2014): API-key format invalid.
2026-05-08 21:38:37 | WARNING  | exchange.client | BinanceAPIException APIError(code=-2014): API-key format invalid. — retrying (1/3)
2026-05-08 21:38:39 | WARNING  | exchange.client | BinanceAPIException APIError(code=-2014): API-key format invalid. — retrying (2/3)
2026-05-08 21:38:41 | WARNING  | execution.position_manager | Failed to refresh futures positions: APIError(code=-2014): API-key format invalid.
2026-05-08 21:38:41 | WARNING  | exchange.client | BinanceAPIException APIError(code=-2014): API-key format invalid. — retrying (1/3)
2026-05-08 21:38:42 | WARNING  | exchange.client | BinanceAPIException APIError(code=-2014): API-key format invalid. — retrying (2/3)
2026-05-08 21:38:44 | ERROR    | scripts.risk_monitor | Risk monitor error: APIError(code=-2014): API-key format invalid.
[32m2026-05-08 21:39:42 | INFO    [0m | [36mscripts.run_bot[0m | Binance Quant Bot v2.0 — starting[0m
2026-05-08 21:39:42 | INFO     | scripts.run_bot | Binance Quant Bot v2.0 — starting
2026-05-08 21:39:45 | WARNING  | exchange.client | BinanceAPIException APIError(code=-2014): API-key format invalid. — retrying (1/3)
2026-05-08 21:39:46 | WARNING  | exchange.client | BinanceAPIException APIError(code=-2014): API-key format invalid. — retrying (2/3)
[32m2026-05-08 21:39:46 | INFO    [0m | [36mstrategy.registry[0m | Strategy registry: 7 strategies active — ['momentum', 'mean_reversion', 'funding_arb', 'basis_trade', 'pairs_arb', 'order_flow', 'breakout'][0m
2026-05-08 21:39:46 | INFO     | strategy.registry | Strategy registry: 7 strategies active — ['momentum', 'mean_reversion', 'funding_arb', 'basis_trade', 'pairs_arb', 'order_flow', 'breakout']
[32m2026-05-08 21:39:46 | INFO    [0m | [36mbot.orchestrator[0m | Starting Quant Bot — broker=alpaca(paper=True)[0m
2026-05-08 21:39:46 | INFO     | bot.orchestrator | Starting Quant Bot — broker=alpaca(paper=True)
[32m2026-05-08 21:39:46 | INFO    [0m | [36mbot.notifications[0m | [ALERT] Bot starting — broker=alpaca(paper=True), strategies=['momentum', 'mean_reversion', 'funding_arb', 'basis_trade', 'pairs_arb', 'order_flow', 'breakout'][0m
2026-05-08 21:39:46 | INFO     | bot.notifications | [ALERT] Bot starting — broker=alpaca(paper=True), strategies=['momentum', 'mean_reversion', 'funding_arb', 'basis_trade', 'pairs_arb', 'order_flow', 'breakout']
[33m2026-05-08 21:39:46 | WARNING [0m | [36mbot.notifications[0m | Notification send failed: Request URL is missing an 'http://' or 'https://' protocol.[0m
2026-05-08 21:39:46 | WARNING  | bot.notifications | Notification send failed: Request URL is missing an 'http://' or 'https://' protocol.
[32m2026-05-08 21:39:47 | INFO    [0m | [36mexchange.alpaca_client[0m | Alpaca client connected (paper=True) — account=7c46e40f-4ea1-4676-b5cf-67a3d21c0f1b equity=$9266.89[0m
2026-05-08 21:39:47 | INFO     | exchange.alpaca_client | Alpaca client connected (paper=True) — account=7c46e40f-4ea1-4676-b5cf-67a3d21c0f1b equity=$9266.89
[32m2026-05-08 21:39:47 | INFO    [0m | [36mexchange.alpaca_streams[0m | AlpacaStreamManager started — 8 symbols, seeding history...[0m
2026-05-08 21:39:47 | INFO     | exchange.alpaca_streams | AlpacaStreamManager started — 8 symbols, seeding history...
[32m2026-05-08 21:39:47 | INFO    [0m | [36mbot.orchestrator[0m | Loading ML models...[0m
2026-05-08 21:39:47 | INFO     | bot.orchestrator | Loading ML models...
2026-05-08 21:39:48 | WARNING  | execution.position_manager | Failed to refresh futures positions: APIError(code=-2014): API-key format invalid.
2026-05-08 21:39:48 | WARNING  | exchange.client | BinanceAPIException APIError(code=-2014): API-key format invalid. — retrying (1/3)
[32m2026-05-08 21:39:48 | INFO    [0m | [36mml.price_lstm[0m | PricePredictor on device: cpu[0m
2026-05-08 21:39:48 | INFO     | ml.price_lstm | PricePredictor on device: cpu
[32m2026-05-08 21:39:49 | INFO    [0m | [36mml.price_lstm[0m | PricePredictor on device: cpu[0m
2026-05-08 21:39:49 | INFO     | ml.price_lstm | PricePredictor on device: cpu
[32m2026-05-08 21:39:49 | INFO    [0m | [36mml.price_lstm[0m | PricePredictor on device: cpu[0m
2026-05-08 21:39:49 | INFO     | ml.price_lstm | PricePredictor on device: cpu
[32m2026-05-08 21:39:49 | INFO    [0m | [36mml.price_lstm[0m | PricePredictor on device: cpu[0m
2026-05-08 21:39:49 | INFO     | ml.price_lstm | PricePredictor on device: cpu
[32m2026-05-08 21:39:49 | INFO    [0m | [36mbot.orchestrator[0m | ML models loaded[0m
2026-05-08 21:39:49 | INFO     | bot.orchestrator | ML models loaded
[32m2026-05-08 21:39:49 | INFO    [0m | [36malpaca.data.live.websocket[0m | started data stream[0m
2026-05-08 21:39:49 | INFO     | alpaca.data.live.websocket | started data stream
[32m2026-05-08 21:39:49 | INFO    [0m | [36malpaca.data.live.websocket[0m | starting data websocket connection[0m
2026-05-08 21:39:49 | INFO     | alpaca.data.live.websocket | starting data websocket connection
[32m2026-05-08 21:39:49 | INFO    [0m | [36malpaca.data.live.websocket[0m | connecting to wss://stream.data.alpaca.markets/v1beta3/crypto/us[0m
2026-05-08 21:39:49 | INFO     | alpaca.data.live.websocket | connecting to wss://stream.data.alpaca.markets/v1beta3/crypto/us
[32m2026-05-08 21:39:49 | INFO    [0m | [36mrisk.risk_guard[0m | New trading day — start equity=1027.94[0m
2026-05-08 21:39:49 | INFO     | risk.risk_guard | New trading day — start equity=1027.94
[32m2026-05-08 21:39:49 | INFO    [0m | [36mbot.orchestrator[0m | Startup complete — initial equity=1027.94 USDT[0m
2026-05-08 21:39:49 | INFO     | bot.orchestrator | Startup complete — initial equity=1027.94 USDT
[32m2026-05-08 21:39:49 | INFO    [0m | [36mbot.orchestrator[0m | === Cycle 1 ===[0m
2026-05-08 21:39:49 | INFO     | bot.orchestrator | === Cycle 1 ===
[33m2026-05-08 21:39:49 | WARNING [0m | [36mexchange.alpaca_streams[0m | Failed to seed ETHUSDT/1m: 'BarSet' object has no attribute 'get'[0m
2026-05-08 21:39:49 | WARNING  | exchange.alpaca_streams | Failed to seed ETHUSDT/1m: 'BarSet' object has no attribute 'get'
[32m2026-05-08 21:39:49 | INFO    [0m | [36malpaca.data.live.websocket[0m | connected to wss://stream.data.alpaca.markets/v1beta3/crypto/us[0m
2026-05-08 21:39:49 | INFO     | alpaca.data.live.websocket | connected to wss://stream.data.alpaca.markets/v1beta3/crypto/us
[32m2026-05-08 21:39:49 | INFO    [0m | [36malpaca.data.live.websocket[0m | subscribed to quotes: ['BTC/USD', 'ADA/USD', 'XRP/USD', 'DOGE/USD', 'ETH/USD', 'AVAX/USD', 'LINK/USD', 'SOL/USD'], bars: ['BTC/USD', 'SOL/USD', 'ADA/USD', 'DOGE/USD', 'AVAX/USD', 'LINK/USD', 'XRP/USD', 'ETH/USD'][0m
2026-05-08 21:39:49 | INFO     | alpaca.data.live.websocket | subscribed to quotes: ['BTC/USD', 'ADA/USD', 'XRP/USD', 'DOGE/USD', 'ETH/USD', 'AVAX/USD', 'LINK/USD', 'SOL/USD'], bars: ['BTC/USD', 'SOL/USD', 'ADA/USD', 'DOGE/USD', 'AVAX/USD', 'LINK/USD', 'XRP/USD', 'ETH/USD']
[32m2026-05-08 21:39:49 | INFO    [0m | [36mbot.orchestrator[0m | Market regime: ranging[0m
2026-05-08 21:39:49 | INFO     | bot.orchestrator | Market regime: ranging
[32m2026-05-08 21:39:49 | INFO    [0m | [36mbot.orchestrator[0m | Raw signals: 0[0m
2026-05-08 21:39:49 | INFO     | bot.orchestrator | Raw signals: 0
[32m2026-05-08 21:39:49 | INFO    [0m | [36mbot.orchestrator[0m | Approved signals after risk filter: 0[0m
2026-05-08 21:39:49 | INFO     | bot.orchestrator | Approved signals after risk filter: 0
[32m2026-05-08 21:39:49 | INFO    [0m | [36mbot.orchestrator[0m | Snapshot | equity=1027.94 | regime=ranging | positions=1 | upnl=-7.79 | signals_approved=0[0m
2026-05-08 21:39:49 | INFO     | bot.orchestrator | Snapshot | equity=1027.94 | regime=ranging | positions=1 | upnl=-7.79 | signals_approved=0
[33m2026-05-08 21:39:49 | WARNING [0m | [36mexchange.alpaca_streams[0m | Failed to seed ETHUSDT/5m: 'BarSet' object has no attribute 'get'[0m
2026-05-08 21:39:49 | WARNING  | exchange.alpaca_streams | Failed to seed ETHUSDT/5m: 'BarSet' object has no attribute 'get'
[33m2026-05-08 21:39:49 | WARNING [0m | [36mexchange.alpaca_streams[0m | Failed to seed ETHUSDT/15m: 'BarSet' object has no attribute 'get'[0m
2026-05-08 21:39:49 | WARNING  | exchange.alpaca_streams | Failed to seed ETHUSDT/15m: 'BarSet' object has no attribute 'get'
2026-05-08 21:39:50 | WARNING  | exchange.client | BinanceAPIException APIError(code=-2014): API-key format invalid. — retrying (2/3)
[33m2026-05-08 21:39:50 | WARNING [0m | [36mexchange.alpaca_streams[0m | Failed to seed ETHUSDT/1h: 'BarSet' object has no attribute 'get'[0m
2026-05-08 21:39:50 | WARNING  | exchange.alpaca_streams | Failed to seed ETHUSDT/1h: 'BarSet' object has no attribute 'get'
2026-05-08 21:39:52 | ERROR    | scripts.risk_monitor | Risk monitor error: APIError(code=-2014): API-key format invalid.
[33m2026-05-08 21:39:52 | WARNING [0m | [36mexchange.alpaca_streams[0m | Failed to seed ETHUSDT/4h: 'BarSet' object has no attribute 'get'[0m
2026-05-08 21:39:52 | WARNING  | exchange.alpaca_streams | Failed to seed ETHUSDT/4h: 'BarSet' object has no attribute 'get'
[33m2026-05-08 21:39:53 | WARNING [0m | [36mexchange.alpaca_streams[0m | Failed to seed BTCUSDT/1m: 'BarSet' object has no attribute 'get'[0m
2026-05-08 21:39:53 | WARNING  | exchange.alpaca_streams | Failed to seed BTCUSDT/1m: 'BarSet' object has no attribute 'get'
[33m2026-05-08 21:39:53 | WARNING [0m | [36mexchange.alpaca_streams[0m | Failed to seed BTCUSDT/5m: 'BarSet' object has no attribute 'get'[0m
2026-05-08 21:39:53 | WARNING  | exchange.alpaca_streams | Failed to seed BTCUSDT/5m: 'BarSet' object has no attribute 'get'
[33m2026-05-08 21:39:53 | WARNING [0m | [36mexchange.alpaca_streams[0m | Failed to seed BTCUSDT/15m: 'BarSet' object has no attribute 'get'[0m
2026-05-08 21:39:53 | WARNING  | exchange.alpaca_streams | Failed to seed BTCUSDT/15m: 'BarSet' object has no attribute 'get'
[33m2026-05-08 21:39:54 | WARNING [0m | [36mexchange.alpaca_streams[0m | Failed to seed BTCUSDT/1h: 'BarSet' object has no attribute 'get'[0m
2026-05-08 21:39:54 | WARNING  | exchange.alpaca_streams | Failed to seed BTCUSDT/1h: 'BarSet' object has no attribute 'get'
[33m2026-05-08 21:39:59 | WARNING [0m | [36mexchange.alpaca_streams[0m | Failed to seed BTCUSDT/4h: 'BarSet' object has no attribute 'get'[0m
2026-05-08 21:39:59 | WARNING  | exchange.alpaca_streams | Failed to seed BTCUSDT/4h: 'BarSet' object has no attribute 'get'
[33m2026-05-08 21:39:59 | WARNING [0m | [36mexchange.alpaca_streams[0m | Failed to seed SOLUSDT/1m: 'BarSet' object has no attribute 'get'[0m
2026-05-08 21:39:59 | WARNING  | exchange.alpaca_streams | Failed to seed SOLUSDT/1m: 'BarSet' object has no attribute 'get'
[33m2026-05-08 21:39:59 | WARNING [0m | [36mexchange.alpaca_streams[0m | Failed to seed SOLUSDT/5m: 'BarSet' object has no attribute 'get'[0m
2026-05-08 21:39:59 | WARNING  | exchange.alpaca_streams | Failed to seed SOLUSDT/5m: 'BarSet' object has no attribute 'get'
[33m2026-05-08 21:39:59 | WARNING [0m | [36mexchange.alpaca_streams[0m | Failed to seed SOLUSDT/15m: 'BarSet' object has no attribute 'get'[0m
2026-05-08 21:39:59 | WARNING  | exchange.alpaca_streams | Failed to seed SOLUSDT/15m: 'BarSet' object has no attribute 'get'
[33m2026-05-08 21:39:59 | WARNING [0m | [36mexchange.alpaca_streams[0m | Failed to seed SOLUSDT/1h: 'BarSet' object has no attribute 'get'[0m
2026-05-08 21:39:59 | WARNING  | exchange.alpaca_streams | Failed to seed SOLUSDT/1h: 'BarSet' object has no attribute 'get'
[33m2026-05-08 21:40:01 | WARNING [0m | [36mexchange.alpaca_streams[0m | Failed to seed SOLUSDT/4h: 'BarSet' object has no attribute 'get'[0m
2026-05-08 21:40:01 | WARNING  | exchange.alpaca_streams | Failed to seed SOLUSDT/4h: 'BarSet' object has no attribute 'get'
[33m2026-05-08 21:40:01 | WARNING [0m | [36mexchange.alpaca_streams[0m | Failed to seed DOGEUSDT/1m: 'BarSet' object has no attribute 'get'[0m
2026-05-08 21:40:01 | WARNING  | exchange.alpaca_streams | Failed to seed DOGEUSDT/1m: 'BarSet' object has no attribute 'get'
[33m2026-05-08 21:40:01 | WARNING [0m | [36mexchange.alpaca_streams[0m | Failed to seed DOGEUSDT/5m: 'BarSet' object has no attribute 'get'[0m
2026-05-08 21:40:01 | WARNING  | exchange.alpaca_streams | Failed to seed DOGEUSDT/5m: 'BarSet' object has no attribute 'get'
[33m2026-05-08 21:40:01 | WARNING [0m | [36mexchange.alpaca_streams[0m | Failed to seed DOGEUSDT/15m: 'BarSet' object has no attribute 'get'[0m
2026-05-08 21:40:01 | WARNING  | exchange.alpaca_streams | Failed to seed DOGEUSDT/15m: 'BarSet' object has no attribute 'get'
[33m2026-05-08 21:40:01 | WARNING [0m | [36mexchange.alpaca_streams[0m | Failed to seed DOGEUSDT/1h: 'BarSet' object has no attribute 'get'[0m
2026-05-08 21:40:01 | WARNING  | exchange.alpaca_streams | Failed to seed DOGEUSDT/1h: 'BarSet' object has no attribute 'get'
[33m2026-05-08 21:40:03 | WARNING [0m | [36mexchange.alpaca_streams[0m | Failed to seed DOGEUSDT/4h: 'BarSet' object has no attribute 'get'[0m
2026-05-08 21:40:03 | WARNING  | exchange.alpaca_streams | Failed to seed DOGEUSDT/4h: 'BarSet' object has no attribute 'get'
[33m2026-05-08 21:40:03 | WARNING [0m | [36mexchange.alpaca_streams[0m | Failed to seed ADAUSDT/1m: 'BarSet' object has no attribute 'get'[0m
2026-05-08 21:40:03 | WARNING  | exchange.alpaca_streams | Failed to seed ADAUSDT/1m: 'BarSet' object has no attribute 'get'
[33m2026-05-08 21:40:03 | WARNING [0m | [36mexchange.alpaca_streams[0m | Failed to seed ADAUSDT/5m: 'BarSet' object has no attribute 'get'[0m
2026-05-08 21:40:03 | WARNING  | exchange.alpaca_streams | Failed to seed ADAUSDT/5m: 'BarSet' object has no attribute 'get'
[33m2026-05-08 21:40:03 | WARNING [0m | [36mexchange.alpaca_streams[0m | Failed to seed ADAUSDT/15m: 'BarSet' object has no attribute 'get'[0m
2026-05-08 21:40:03 | WARNING  | exchange.alpaca_streams | Failed to seed ADAUSDT/15m: 'BarSet' object has no attribute 'get'
[33m2026-05-08 21:40:03 | WARNING [0m | [36mexchange.alpaca_streams[0m | Failed to seed ADAUSDT/1h: 'BarSet' object has no attribute 'get'[0m
2026-05-08 21:40:03 | WARNING  | exchange.alpaca_streams | Failed to seed ADAUSDT/1h: 'BarSet' object has no attribute 'get'
[33m2026-05-08 21:40:05 | WARNING [0m | [36mexchange.alpaca_streams[0m | Failed to seed ADAUSDT/4h: 'BarSet' object has no attribute 'get'[0m
2026-05-08 21:40:05 | WARNING  | exchange.alpaca_streams | Failed to seed ADAUSDT/4h: 'BarSet' object has no attribute 'get'
[33m2026-05-08 21:40:05 | WARNING [0m | [36mexchange.alpaca_streams[0m | Failed to seed AVAXUSDT/1m: 'BarSet' object has no attribute 'get'[0m
2026-05-08 21:40:05 | WARNING  | exchange.alpaca_streams | Failed to seed AVAXUSDT/1m: 'BarSet' object has no attribute 'get'
[33m2026-05-08 21:40:05 | WARNING [0m | [36mexchange.alpaca_streams[0m | Failed to seed AVAXUSDT/5m: 'BarSet' object has no attribute 'get'[0m
2026-05-08 21:40:05 | WARNING  | exchange.alpaca_streams | Failed to seed AVAXUSDT/5m: 'BarSet' object has no attribute 'get'
[33m2026-05-08 21:40:05 | WARNING [0m | [36mexchange.alpaca_streams[0m | Failed to seed AVAXUSDT/15m: 'BarSet' object has no attribute 'get'[0m
2026-05-08 21:40:05 | WARNING  | exchange.alpaca_streams | Failed to seed AVAXUSDT/15m: 'BarSet' object has no attribute 'get'
[33m2026-05-08 21:40:05 | WARNING [0m | [36mexchange.alpaca_streams[0m | Failed to seed AVAXUSDT/1h: 'BarSet' object has no attribute 'get'[0m
2026-05-08 21:40:05 | WARNING  | exchange.alpaca_streams | Failed to seed AVAXUSDT/1h: 'BarSet' object has no attribute 'get'
[33m2026-05-08 21:40:07 | WARNING [0m | [36mexchange.alpaca_streams[0m | Failed to seed AVAXUSDT/4h: 'BarSet' object has no attribute 'get'[0m
2026-05-08 21:40:07 | WARNING  | exchange.alpaca_streams | Failed to seed AVAXUSDT/4h: 'BarSet' object has no attribute 'get'
[33m2026-05-08 21:40:07 | WARNING [0m | [36mexchange.alpaca_streams[0m | Failed to seed LINKUSDT/1m: 'BarSet' object has no attribute 'get'[0m
2026-05-08 21:40:07 | WARNING  | exchange.alpaca_streams | Failed to seed LINKUSDT/1m: 'BarSet' object has no attribute 'get'
[33m2026-05-08 21:40:07 | WARNING [0m | [36mexchange.alpaca_streams[0m | Failed to seed LINKUSDT/5m: 'BarSet' object has no attribute 'get'[0m
2026-05-08 21:40:07 | WARNING  | exchange.alpaca_streams | Failed to seed LINKUSDT/5m: 'BarSet' object has no attribute 'get'
[33m2026-05-08 21:40:08 | WARNING [0m | [36mexchange.alpaca_streams[0m | Failed to seed LINKUSDT/15m: 'BarSet' object has no attribute 'get'[0m
2026-05-08 21:40:08 | WARNING  | exchange.alpaca_streams | Failed to seed LINKUSDT/15m: 'BarSet' object has no attribute 'get'
[33m2026-05-08 21:40:08 | WARNING [0m | [36mexchange.alpaca_streams[0m | Failed to seed LINKUSDT/1h: 'BarSet' object has no attribute 'get'[0m
2026-05-08 21:40:08 | WARNING  | exchange.alpaca_streams | Failed to seed LINKUSDT/1h: 'BarSet' object has no attribute 'get'
[33m2026-05-08 21:40:11 | WARNING [0m | [36mexchange.alpaca_streams[0m | Failed to seed LINKUSDT/4h: 'BarSet' object has no attribute 'get'[0m
2026-05-08 21:40:11 | WARNING  | exchange.alpaca_streams | Failed to seed LINKUSDT/4h: 'BarSet' object has no attribute 'get'
[33m2026-05-08 21:40:12 | WARNING [0m | [36mexchange.alpaca_streams[0m | Failed to seed XRPUSDT/1m: 'BarSet' object has no attribute 'get'[0m
2026-05-08 21:40:12 | WARNING  | exchange.alpaca_streams | Failed to seed XRPUSDT/1m: 'BarSet' object has no attribute 'get'
[33m2026-05-08 21:40:12 | WARNING [0m | [36mexchange.alpaca_streams[0m | Failed to seed XRPUSDT/5m: 'BarSet' object has no attribute 'get'[0m
2026-05-08 21:40:12 | WARNING  | exchange.alpaca_streams | Failed to seed XRPUSDT/5m: 'BarSet' object has no attribute 'get'
[33m2026-05-08 21:40:12 | WARNING [0m | [36mexchange.alpaca_streams[0m | Failed to seed XRPUSDT/15m: 'BarSet' object has no attribute 'get'[0m
2026-05-08 21:40:12 | WARNING  | exchange.alpaca_streams | Failed to seed XRPUSDT/15m: 'BarSet' object has no attribute 'get'
[33m2026-05-08 21:40:12 | WARNING [0m | [36mexchange.alpaca_streams[0m | Failed to seed XRPUSDT/1h: 'BarSet' object has no attribute 'get'[0m
2026-05-08 21:40:12 | WARNING  | exchange.alpaca_streams | Failed to seed XRPUSDT/1h: 'BarSet' object has no attribute 'get'
[33m2026-05-08 21:40:14 | WARNING [0m | [36mexchange.alpaca_streams[0m | Failed to seed XRPUSDT/4h: 'BarSet' object has no attribute 'get'[0m
2026-05-08 21:40:14 | WARNING  | exchange.alpaca_streams | Failed to seed XRPUSDT/4h: 'BarSet' object has no attribute 'get'
[32m2026-05-08 21:40:14 | INFO    [0m | [36mexchange.alpaca_streams[0m | History seed complete for 8 symbols[0m
2026-05-08 21:40:14 | INFO     | exchange.alpaca_streams | History seed complete for 8 symbols
[32m2026-05-08 21:40:49 | INFO    [0m | [36mbot.orchestrator[0m | === Cycle 2 ===[0m
2026-05-08 21:40:49 | INFO     | bot.orchestrator | === Cycle 2 ===
[32m2026-05-08 21:40:49 | INFO    [0m | [36mbot.orchestrator[0m | Market regime: ranging[0m
2026-05-08 21:40:49 | INFO     | bot.orchestrator | Market regime: ranging
[32m2026-05-08 21:40:49 | INFO    [0m | [36mbot.orchestrator[0m | Raw signals: 0[0m
2026-05-08 21:40:49 | INFO     | bot.orchestrator | Raw signals: 0
[32m2026-05-08 21:40:49 | INFO    [0m | [36mbot.orchestrator[0m | Approved signals after risk filter: 0[0m
2026-05-08 21:40:49 | INFO     | bot.orchestrator | Approved signals after risk filter: 0
[32m2026-05-08 21:40:49 | INFO    [0m | [36mbot.orchestrator[0m | Snapshot | equity=1027.94 | regime=ranging | positions=1 | upnl=-7.79 | signals_approved=0[0m
2026-05-08 21:40:49 | INFO     | bot.orchestrator | Snapshot | equity=1027.94 | regime=ranging | positions=1 | upnl=-7.79 | signals_approved=0
2026-05-08 21:40:52 | WARNING  | exchange.client | BinanceAPIException APIError(code=-2014): API-key format invalid. — retrying (1/3)
2026-05-08 21:40:53 | WARNING  | exchange.client | BinanceAPIException APIError(code=-2014): API-key format invalid. — retrying (2/3)
2026-05-08 21:40:56 | WARNING  | execution.position_manager | Failed to refresh futures positions: APIError(code=-2014): API-key format invalid.
2026-05-08 21:40:56 | WARNING  | exchange.client | BinanceAPIException APIError(code=-2014): API-key format invalid. — retrying (1/3)
2026-05-08 21:40:57 | WARNING  | exchange.client | BinanceAPIException APIError(code=-2014): API-key format invalid. — retrying (2/3)
2026-05-08 21:40:59 | ERROR    | scripts.risk_monitor | Risk monitor error: APIError(code=-2014): API-key format invalid.
[32m2026-05-08 21:41:49 | INFO    [0m | [36mbot.orchestrator[0m | === Cycle 3 ===[0m
2026-05-08 21:41:49 | INFO     | bot.orchestrator | === Cycle 3 ===
[32m2026-05-08 21:41:49 | INFO    [0m | [36mbot.orchestrator[0m | Market regime: ranging[0m
2026-05-08 21:41:49 | INFO     | bot.orchestrator | Market regime: ranging
[32m2026-05-08 21:41:49 | INFO    [0m | [36mbot.orchestrator[0m | Raw signals: 0[0m
2026-05-08 21:41:49 | INFO     | bot.orchestrator | Raw signals: 0
[32m2026-05-08 21:41:49 | INFO    [0m | [36mbot.orchestrator[0m | Approved signals after risk filter: 0[0m
2026-05-08 21:41:49 | INFO     | bot.orchestrator | Approved signals after risk filter: 0
[32m2026-05-08 21:41:49 | INFO    [0m | [36mbot.orchestrator[0m | Snapshot | equity=1027.94 | regime=ranging | positions=1 | upnl=-7.79 | signals_approved=0[0m
2026-05-08 21:41:49 | INFO     | bot.orchestrator | Snapshot | equity=1027.94 | regime=ranging | positions=1 | upnl=-7.79 | signals_approved=0
2026-05-08 21:42:00 | WARNING  | exchange.client | BinanceAPIException APIError(code=-2014): API-key format invalid. — retrying (1/3)
2026-05-08 21:42:01 | WARNING  | exchange.client | BinanceAPIException APIError(code=-2014): API-key format invalid. — retrying (2/3)
2026-05-08 21:42:03 | WARNING  | execution.position_manager | Failed to refresh futures positions: APIError(code=-2014): API-key format invalid.
2026-05-08 21:42:03 | WARNING  | exchange.client | BinanceAPIException APIError(code=-2014): API-key format invalid. — retrying (1/3)
2026-05-08 21:42:05 | WARNING  | exchange.client | BinanceAPIException APIError(code=-2014): API-key format invalid. — retrying (2/3)
2026-05-08 21:42:07 | ERROR    | scripts.risk_monitor | Risk monitor error: APIError(code=-2014): API-key format invalid.
[32m2026-05-08 21:42:49 | INFO    [0m | [36mbot.orchestrator[0m | === Cycle 4 ===[0m
2026-05-08 21:42:49 | INFO     | bot.orchestrator | === Cycle 4 ===
[32m2026-05-08 21:42:49 | INFO    [0m | [36mbot.orchestrator[0m | Market regime: ranging[0m
2026-05-08 21:42:49 | INFO     | bot.orchestrator | Market regime: ranging
[32m2026-05-08 21:42:49 | INFO    [0m | [36mbot.orchestrator[0m | Raw signals: 0[0m
2026-05-08 21:42:49 | INFO     | bot.orchestrator | Raw signals: 0
[32m2026-05-08 21:42:49 | INFO    [0m | [36mbot.orchestrator[0m | Approved signals after risk filter: 0[0m
2026-05-08 21:42:49 | INFO     | bot.orchestrator | Approved signals after risk filter: 0
[32m2026-05-08 21:42:49 | INFO    [0m | [36mbot.orchestrator[0m | Snapshot | equity=1027.94 | regime=ranging | positions=1 | upnl=-7.79 | signals_approved=0[0m
2026-05-08 21:42:49 | INFO     | bot.orchestrator | Snapshot | equity=1027.94 | regime=ranging | positions=1 | upnl=-7.79 | signals_approved=0
2026-05-08 21:43:07 | WARNING  | exchange.client | BinanceAPIException APIError(code=-2014): API-key format invalid. — retrying (1/3)
2026-05-08 21:43:08 | WARNING  | exchange.client | BinanceAPIException APIError(code=-2014): API-key format invalid. — retrying (2/3)
2026-05-08 21:43:11 | WARNING  | execution.position_manager | Failed to refresh futures positions: APIError(code=-2014): API-key format invalid.
2026-05-08 21:43:11 | WARNING  | exchange.client | BinanceAPIException APIError(code=-2014): API-key format invalid. — retrying (1/3)
2026-05-08 21:43:12 | WARNING  | exchange.client | BinanceAPIException APIError(code=-2014): API-key format invalid. — retrying (2/3)
2026-05-08 21:43:14 | ERROR    | scripts.risk_monitor | Risk monitor error: APIError(code=-2014): API-key format invalid.
[32m2026-05-08 21:43:42 | INFO    [0m | [36mscripts.run_bot[0m | Shutdown signal received — closing positions and stopping...[0m
2026-05-08 21:43:42 | INFO     | scripts.run_bot | Shutdown signal received — closing positions and stopping...
[32m2026-05-08 21:43:42 | INFO    [0m | [36mexchange.alpaca_streams[0m | AlpacaStreamManager stopped[0m
2026-05-08 21:43:42 | INFO     | exchange.alpaca_streams | AlpacaStreamManager stopped
[32m2026-05-08 21:43:42 | INFO    [0m | [36mexchange.alpaca_client[0m | Alpaca client closed[0m
2026-05-08 21:43:42 | INFO     | exchange.alpaca_client | Alpaca client closed
[32m2026-05-08 21:43:42 | INFO    [0m | [36mbot.orchestrator[0m | Orchestrator shutting down...[0m
2026-05-08 21:43:42 | INFO     | bot.orchestrator | Orchestrator shutting down...
[32m2026-05-08 21:43:42 | INFO    [0m | [36mexchange.alpaca_streams[0m | AlpacaStreamManager stopped[0m
2026-05-08 21:43:42 | INFO     | exchange.alpaca_streams | AlpacaStreamManager stopped
[32m2026-05-08 21:43:42 | INFO    [0m | [36mexchange.alpaca_client[0m | Alpaca client closed[0m
2026-05-08 21:43:42 | INFO     | exchange.alpaca_client | Alpaca client closed
[32m2026-05-08 21:43:42 | INFO    [0m | [36mbot.orchestrator[0m | Orchestrator stopped[0m
2026-05-08 21:43:42 | INFO     | bot.orchestrator | Orchestrator stopped
[31m2026-05-08 21:43:52 | ERROR   [0m | [36masyncio[0m | Task exception was never retrieved
future: <Task finished name='Task-21' coro=<_shutdown() done, defined at /home/dash/options-spread/scripts/run_bot.py:35> exception=SystemExit(0)>[0m
Traceback (most recent call last):
  File "/home/dash/options-spread/scripts/run_bot.py", line 48, in main
    asyncio.run(_main())
  File "/usr/lib/python3.12/asyncio/runners.py", line 194, in run
    return runner.run(main)
           ^^^^^^^^^^^^^^^^
  File "/usr/lib/python3.12/asyncio/runners.py", line 118, in run
    return self._loop.run_until_complete(task)
           ^^^^^^^^^^^^^^^^^^^^^^^^^^^^^^^^^^^
  File "/usr/lib/python3.12/asyncio/base_events.py", line 674, in run_until_complete
    self.run_forever()
  File "/usr/lib/python3.12/asyncio/base_events.py", line 641, in run_forever
    self._run_once()
  File "/usr/lib/python3.12/asyncio/base_events.py", line 1987, in _run_once
    handle._run()
  File "/usr/lib/python3.12/asyncio/events.py", line 88, in _run
    self._context.run(self._callback, *self._args)
  File "/home/dash/options-spread/scripts/run_bot.py", line 42, in _shutdown
    sys.exit(0)
SystemExit: 0
2026-05-08 21:43:52 | ERROR    | asyncio | Task exception was never retrieved
future: <Task finished name='Task-21' coro=<_shutdown() done, defined at /home/dash/options-spread/scripts/run_bot.py:35> exception=SystemExit(0)>
Traceback (most recent call last):
  File "/home/dash/options-spread/scripts/run_bot.py", line 48, in main
    asyncio.run(_main())
  File "/usr/lib/python3.12/asyncio/runners.py", line 194, in run
    return runner.run(main)
           ^^^^^^^^^^^^^^^^
  File "/usr/lib/python3.12/asyncio/runners.py", line 118, in run
    return self._loop.run_until_complete(task)
           ^^^^^^^^^^^^^^^^^^^^^^^^^^^^^^^^^^^
  File "/usr/lib/python3.12/asyncio/base_events.py", line 674, in run_until_complete
    self.run_forever()
  File "/usr/lib/python3.12/asyncio/base_events.py", line 641, in run_forever
    self._run_once()
  File "/usr/lib/python3.12/asyncio/base_events.py", line 1987, in _run_once
    handle._run()
  File "/usr/lib/python3.12/asyncio/events.py", line 88, in _run
    self._context.run(self._callback, *self._args)
  File "/home/dash/options-spread/scripts/run_bot.py", line 42, in _shutdown
    sys.exit(0)
SystemExit: 0
[32m2026-05-08 21:43:53 | INFO    [0m | [36mscripts.run_bot[0m | Binance Quant Bot v2.0 — starting[0m
2026-05-08 21:43:53 | INFO     | scripts.run_bot | Binance Quant Bot v2.0 — starting
2026-05-08 21:43:54 | INFO     | exchange.alpaca_client | Alpaca client connected (paper=True) — account=7c46e40f-4ea1-4676-b5cf-67a3d21c0f1b equity=$9267.30
2026-05-08 21:43:54 | INFO     | scripts.risk_monitor | Risk monitor started — polling every 60s
2026-05-08 21:43:54 | INFO     | scripts.risk_monitor | Risk | equity=1027.94 | dd=0.00% | var99=0.00% | gross_exp=8.0x | positions=1
[32m2026-05-08 21:43:57 | INFO    [0m | [36mstrategy.registry[0m | Strategy registry: 7 strategies active — ['momentum', 'mean_reversion', 'funding_arb', 'basis_trade', 'pairs_arb', 'order_flow', 'breakout'][0m
2026-05-08 21:43:57 | INFO     | strategy.registry | Strategy registry: 7 strategies active — ['momentum', 'mean_reversion', 'funding_arb', 'basis_trade', 'pairs_arb', 'order_flow', 'breakout']
[32m2026-05-08 21:43:57 | INFO    [0m | [36mbot.orchestrator[0m | Starting Quant Bot — broker=alpaca(paper=True)[0m
2026-05-08 21:43:57 | INFO     | bot.orchestrator | Starting Quant Bot — broker=alpaca(paper=True)
[32m2026-05-08 21:43:57 | INFO    [0m | [36mbot.notifications[0m | [ALERT] Bot starting — broker=alpaca(paper=True), strategies=['momentum', 'mean_reversion', 'funding_arb', 'basis_trade', 'pairs_arb', 'order_flow', 'breakout'][0m
2026-05-08 21:43:57 | INFO     | bot.notifications | [ALERT] Bot starting — broker=alpaca(paper=True), strategies=['momentum', 'mean_reversion', 'funding_arb', 'basis_trade', 'pairs_arb', 'order_flow', 'breakout']
[33m2026-05-08 21:43:57 | WARNING [0m | [36mbot.notifications[0m | Notification send failed: Request URL is missing an 'http://' or 'https://' protocol.[0m
2026-05-08 21:43:57 | WARNING  | bot.notifications | Notification send failed: Request URL is missing an 'http://' or 'https://' protocol.
[32m2026-05-08 21:43:57 | INFO    [0m | [36mexchange.alpaca_client[0m | Alpaca client connected (paper=True) — account=7c46e40f-4ea1-4676-b5cf-67a3d21c0f1b equity=$9267.30[0m
2026-05-08 21:43:57 | INFO     | exchange.alpaca_client | Alpaca client connected (paper=True) — account=7c46e40f-4ea1-4676-b5cf-67a3d21c0f1b equity=$9267.30
[32m2026-05-08 21:43:57 | INFO    [0m | [36mexchange.alpaca_streams[0m | AlpacaStreamManager started — 8 symbols, seeding history...[0m
2026-05-08 21:43:57 | INFO     | exchange.alpaca_streams | AlpacaStreamManager started — 8 symbols, seeding history...
[32m2026-05-08 21:43:57 | INFO    [0m | [36mbot.orchestrator[0m | Loading ML models...[0m
2026-05-08 21:43:57 | INFO     | bot.orchestrator | Loading ML models...
[32m2026-05-08 21:43:59 | INFO    [0m | [36mml.price_lstm[0m | PricePredictor on device: cpu[0m
2026-05-08 21:43:59 | INFO     | ml.price_lstm | PricePredictor on device: cpu
[32m2026-05-08 21:43:59 | INFO    [0m | [36mml.price_lstm[0m | PricePredictor on device: cpu[0m
2026-05-08 21:43:59 | INFO     | ml.price_lstm | PricePredictor on device: cpu
[32m2026-05-08 21:43:59 | INFO    [0m | [36mml.price_lstm[0m | PricePredictor on device: cpu[0m
2026-05-08 21:43:59 | INFO     | ml.price_lstm | PricePredictor on device: cpu
[32m2026-05-08 21:43:59 | INFO    [0m | [36mml.price_lstm[0m | PricePredictor on device: cpu[0m
2026-05-08 21:43:59 | INFO     | ml.price_lstm | PricePredictor on device: cpu
[32m2026-05-08 21:43:59 | INFO    [0m | [36mbot.orchestrator[0m | ML models loaded[0m
2026-05-08 21:43:59 | INFO     | bot.orchestrator | ML models loaded
[32m2026-05-08 21:43:59 | INFO    [0m | [36malpaca.data.live.websocket[0m | started data stream[0m
2026-05-08 21:43:59 | INFO     | alpaca.data.live.websocket | started data stream
[32m2026-05-08 21:43:59 | INFO    [0m | [36malpaca.data.live.websocket[0m | starting data websocket connection[0m
2026-05-08 21:43:59 | INFO     | alpaca.data.live.websocket | starting data websocket connection
[32m2026-05-08 21:43:59 | INFO    [0m | [36malpaca.data.live.websocket[0m | connecting to wss://stream.data.alpaca.markets/v1beta3/crypto/us[0m
2026-05-08 21:43:59 | INFO     | alpaca.data.live.websocket | connecting to wss://stream.data.alpaca.markets/v1beta3/crypto/us
[32m2026-05-08 21:43:59 | INFO    [0m | [36mscripts.run_bot[0m | Shutdown signal received — closing positions and stopping...[0m
2026-05-08 21:43:59 | INFO     | scripts.run_bot | Shutdown signal received — closing positions and stopping...
[32m2026-05-08 21:43:59 | INFO    [0m | [36mexchange.alpaca_streams[0m | AlpacaStreamManager stopped[0m
2026-05-08 21:43:59 | INFO     | exchange.alpaca_streams | AlpacaStreamManager stopped
[32m2026-05-08 21:43:59 | INFO    [0m | [36mexchange.alpaca_client[0m | Alpaca client closed[0m
2026-05-08 21:43:59 | INFO     | exchange.alpaca_client | Alpaca client closed
[31m2026-05-08 21:44:00 | ERROR   [0m | [36masyncio[0m | Task exception was never retrieved
future: <Task finished name='Task-6' coro=<_shutdown() done, defined at /home/dash/options-spread/scripts/run_bot.py:35> exception=SystemExit(0)>[0m
Traceback (most recent call last):
  File "/home/dash/options-spread/scripts/run_bot.py", line 48, in main
    asyncio.run(_main())
  File "/usr/lib/python3.12/asyncio/runners.py", line 194, in run
    return runner.run(main)
           ^^^^^^^^^^^^^^^^
  File "/usr/lib/python3.12/asyncio/runners.py", line 118, in run
    return self._loop.run_until_complete(task)
           ^^^^^^^^^^^^^^^^^^^^^^^^^^^^^^^^^^^
  File "/usr/lib/python3.12/asyncio/base_events.py", line 674, in run_until_complete
    self.run_forever()
  File "/usr/lib/python3.12/asyncio/base_events.py", line 641, in run_forever
    self._run_once()
  File "/usr/lib/python3.12/asyncio/base_events.py", line 1987, in _run_once
    handle._run()
  File "/usr/lib/python3.12/asyncio/events.py", line 88, in _run
    self._context.run(self._callback, *self._args)
  File "/home/dash/options-spread/scripts/run_bot.py", line 42, in _shutdown
    sys.exit(0)
SystemExit: 0
2026-05-08 21:44:00 | ERROR    | asyncio | Task exception was never retrieved
future: <Task finished name='Task-6' coro=<_shutdown() done, defined at /home/dash/options-spread/scripts/run_bot.py:35> exception=SystemExit(0)>
Traceback (most recent call last):
  File "/home/dash/options-spread/scripts/run_bot.py", line 48, in main
    asyncio.run(_main())
  File "/usr/lib/python3.12/asyncio/runners.py", line 194, in run
    return runner.run(main)
           ^^^^^^^^^^^^^^^^
  File "/usr/lib/python3.12/asyncio/runners.py", line 118, in run
    return self._loop.run_until_complete(task)
           ^^^^^^^^^^^^^^^^^^^^^^^^^^^^^^^^^^^
  File "/usr/lib/python3.12/asyncio/base_events.py", line 674, in run_until_complete
    self.run_forever()
  File "/usr/lib/python3.12/asyncio/base_events.py", line 641, in run_forever
    self._run_once()
  File "/usr/lib/python3.12/asyncio/base_events.py", line 1987, in _run_once
    handle._run()
  File "/usr/lib/python3.12/asyncio/events.py", line 88, in _run
    self._context.run(self._callback, *self._args)
  File "/home/dash/options-spread/scripts/run_bot.py", line 42, in _shutdown
    sys.exit(0)
SystemExit: 0
[32m2026-05-08 21:44:00 | INFO    [0m | [36mscripts.run_bot[0m | Binance Quant Bot v2.0 — starting[0m
2026-05-08 21:44:00 | INFO     | scripts.run_bot | Binance Quant Bot v2.0 — starting
2026-05-08 21:44:01 | INFO     | exchange.alpaca_client | Alpaca client connected (paper=True) — account=7c46e40f-4ea1-4676-b5cf-67a3d21c0f1b equity=$9267.28
2026-05-08 21:44:01 | INFO     | scripts.risk_monitor | Risk monitor started — polling every 60s
2026-05-08 21:44:02 | INFO     | scripts.risk_monitor | Risk | equity=1027.94 | dd=0.00% | var99=0.00% | gross_exp=8.0x | positions=1
[32m2026-05-08 21:44:04 | INFO    [0m | [36mstrategy.registry[0m | Strategy registry: 7 strategies active — ['momentum', 'mean_reversion', 'funding_arb', 'basis_trade', 'pairs_arb', 'order_flow', 'breakout'][0m
2026-05-08 21:44:04 | INFO     | strategy.registry | Strategy registry: 7 strategies active — ['momentum', 'mean_reversion', 'funding_arb', 'basis_trade', 'pairs_arb', 'order_flow', 'breakout']
[32m2026-05-08 21:44:04 | INFO    [0m | [36mbot.orchestrator[0m | Starting Quant Bot — broker=alpaca(paper=True)[0m
2026-05-08 21:44:04 | INFO     | bot.orchestrator | Starting Quant Bot — broker=alpaca(paper=True)
[32m2026-05-08 21:44:04 | INFO    [0m | [36mbot.notifications[0m | [ALERT] Bot starting — broker=alpaca(paper=True), strategies=['momentum', 'mean_reversion', 'funding_arb', 'basis_trade', 'pairs_arb', 'order_flow', 'breakout'][0m
2026-05-08 21:44:04 | INFO     | bot.notifications | [ALERT] Bot starting — broker=alpaca(paper=True), strategies=['momentum', 'mean_reversion', 'funding_arb', 'basis_trade', 'pairs_arb', 'order_flow', 'breakout']
[33m2026-05-08 21:44:04 | WARNING [0m | [36mbot.notifications[0m | Notification send failed: Request URL is missing an 'http://' or 'https://' protocol.[0m
2026-05-08 21:44:04 | WARNING  | bot.notifications | Notification send failed: Request URL is missing an 'http://' or 'https://' protocol.
[32m2026-05-08 21:44:05 | INFO    [0m | [36mexchange.alpaca_client[0m | Alpaca client connected (paper=True) — account=7c46e40f-4ea1-4676-b5cf-67a3d21c0f1b equity=$9267.30[0m
2026-05-08 21:44:05 | INFO     | exchange.alpaca_client | Alpaca client connected (paper=True) — account=7c46e40f-4ea1-4676-b5cf-67a3d21c0f1b equity=$9267.30
[32m2026-05-08 21:44:05 | INFO    [0m | [36mexchange.alpaca_streams[0m | AlpacaStreamManager started — 8 symbols, seeding history...[0m
2026-05-08 21:44:05 | INFO     | exchange.alpaca_streams | AlpacaStreamManager started — 8 symbols, seeding history...
[32m2026-05-08 21:44:05 | INFO    [0m | [36mbot.orchestrator[0m | Loading ML models...[0m
2026-05-08 21:44:05 | INFO     | bot.orchestrator | Loading ML models...
[32m2026-05-08 21:44:07 | INFO    [0m | [36mml.price_lstm[0m | PricePredictor on device: cpu[0m
2026-05-08 21:44:07 | INFO     | ml.price_lstm | PricePredictor on device: cpu
[32m2026-05-08 21:44:07 | INFO    [0m | [36mml.price_lstm[0m | PricePredictor on device: cpu[0m
2026-05-08 21:44:07 | INFO     | ml.price_lstm | PricePredictor on device: cpu
[32m2026-05-08 21:44:07 | INFO    [0m | [36mml.price_lstm[0m | PricePredictor on device: cpu[0m
2026-05-08 21:44:07 | INFO     | ml.price_lstm | PricePredictor on device: cpu
[32m2026-05-08 21:44:07 | INFO    [0m | [36mml.price_lstm[0m | PricePredictor on device: cpu[0m
2026-05-08 21:44:07 | INFO     | ml.price_lstm | PricePredictor on device: cpu
[32m2026-05-08 21:44:07 | INFO    [0m | [36mbot.orchestrator[0m | ML models loaded[0m
2026-05-08 21:44:07 | INFO     | bot.orchestrator | ML models loaded
[32m2026-05-08 21:44:07 | INFO    [0m | [36malpaca.data.live.websocket[0m | started data stream[0m
2026-05-08 21:44:07 | INFO     | alpaca.data.live.websocket | started data stream
[32m2026-05-08 21:44:07 | INFO    [0m | [36malpaca.data.live.websocket[0m | starting data websocket connection[0m
2026-05-08 21:44:07 | INFO     | alpaca.data.live.websocket | starting data websocket connection
[32m2026-05-08 21:44:07 | INFO    [0m | [36malpaca.data.live.websocket[0m | connecting to wss://stream.data.alpaca.markets/v1beta3/crypto/us[0m
2026-05-08 21:44:07 | INFO     | alpaca.data.live.websocket | connecting to wss://stream.data.alpaca.markets/v1beta3/crypto/us
[32m2026-05-08 21:44:07 | INFO    [0m | [36mrisk.risk_guard[0m | New trading day — start equity=1027.94[0m
2026-05-08 21:44:07 | INFO     | risk.risk_guard | New trading day — start equity=1027.94
[32m2026-05-08 21:44:07 | INFO    [0m | [36mbot.orchestrator[0m | Startup complete — initial equity=1027.94 USDT[0m
2026-05-08 21:44:07 | INFO     | bot.orchestrator | Startup complete — initial equity=1027.94 USDT
[32m2026-05-08 21:44:07 | INFO    [0m | [36mbot.orchestrator[0m | === Cycle 1 ===[0m
2026-05-08 21:44:07 | INFO     | bot.orchestrator | === Cycle 1 ===
[32m2026-05-08 21:44:07 | INFO    [0m | [36mbot.orchestrator[0m | Market regime: ranging[0m
2026-05-08 21:44:07 | INFO     | bot.orchestrator | Market regime: ranging
[32m2026-05-08 21:44:07 | INFO    [0m | [36mbot.orchestrator[0m | Raw signals: 0[0m
2026-05-08 21:44:07 | INFO     | bot.orchestrator | Raw signals: 0
[32m2026-05-08 21:44:07 | INFO    [0m | [36mbot.orchestrator[0m | Approved signals after risk filter: 0[0m
2026-05-08 21:44:07 | INFO     | bot.orchestrator | Approved signals after risk filter: 0
[32m2026-05-08 21:44:07 | INFO    [0m | [36mbot.orchestrator[0m | Snapshot | equity=1027.94 | regime=ranging | positions=1 | upnl=-7.97 | signals_approved=0[0m
2026-05-08 21:44:07 | INFO     | bot.orchestrator | Snapshot | equity=1027.94 | regime=ranging | positions=1 | upnl=-7.97 | signals_approved=0
[33m2026-05-08 21:44:07 | WARNING [0m | [36mexchange.alpaca_streams[0m | Failed to seed AVAXUSDT/1m: 'BarSet' object has no attribute 'get'[0m
2026-05-08 21:44:07 | WARNING  | exchange.alpaca_streams | Failed to seed AVAXUSDT/1m: 'BarSet' object has no attribute 'get'
[32m2026-05-08 21:44:07 | INFO    [0m | [36malpaca.data.live.websocket[0m | connected to wss://stream.data.alpaca.markets/v1beta3/crypto/us[0m
2026-05-08 21:44:07 | INFO     | alpaca.data.live.websocket | connected to wss://stream.data.alpaca.markets/v1beta3/crypto/us
[33m2026-05-08 21:44:07 | WARNING [0m | [36mexchange.alpaca_streams[0m | Failed to seed AVAXUSDT/5m: 'BarSet' object has no attribute 'get'[0m
2026-05-08 21:44:07 | WARNING  | exchange.alpaca_streams | Failed to seed AVAXUSDT/5m: 'BarSet' object has no attribute 'get'
[32m2026-05-08 21:44:07 | INFO    [0m | [36malpaca.data.live.websocket[0m | subscribed to quotes: ['LINK/USD', 'ETH/USD', 'BTC/USD', 'AVAX/USD', 'XRP/USD', 'SOL/USD', 'DOGE/USD', 'ADA/USD'], bars: ['XRP/USD', 'SOL/USD', 'BTC/USD', 'ETH/USD', 'LINK/USD', 'DOGE/USD', 'AVAX/USD', 'ADA/USD'][0m
2026-05-08 21:44:07 | INFO     | alpaca.data.live.websocket | subscribed to quotes: ['LINK/USD', 'ETH/USD', 'BTC/USD', 'AVAX/USD', 'XRP/USD', 'SOL/USD', 'DOGE/USD', 'ADA/USD'], bars: ['XRP/USD', 'SOL/USD', 'BTC/USD', 'ETH/USD', 'LINK/USD', 'DOGE/USD', 'AVAX/USD', 'ADA/USD']
[33m2026-05-08 21:44:07 | WARNING [0m | [36mexchange.alpaca_streams[0m | Failed to seed AVAXUSDT/15m: 'BarSet' object has no attribute 'get'[0m
2026-05-08 21:44:07 | WARNING  | exchange.alpaca_streams | Failed to seed AVAXUSDT/15m: 'BarSet' object has no attribute 'get'
[33m2026-05-08 21:44:08 | WARNING [0m | [36mexchange.alpaca_streams[0m | Failed to seed AVAXUSDT/1h: 'BarSet' object has no attribute 'get'[0m
2026-05-08 21:44:08 | WARNING  | exchange.alpaca_streams | Failed to seed AVAXUSDT/1h: 'BarSet' object has no attribute 'get'
[33m2026-05-08 21:44:08 | WARNING [0m | [36mexchange.alpaca_streams[0m | Failed to seed AVAXUSDT/4h: 'BarSet' object has no attribute 'get'[0m
2026-05-08 21:44:08 | WARNING  | exchange.alpaca_streams | Failed to seed AVAXUSDT/4h: 'BarSet' object has no attribute 'get'
[33m2026-05-08 21:44:09 | WARNING [0m | [36mexchange.alpaca_streams[0m | Failed to seed LINKUSDT/1m: 'BarSet' object has no attribute 'get'[0m
2026-05-08 21:44:09 | WARNING  | exchange.alpaca_streams | Failed to seed LINKUSDT/1m: 'BarSet' object has no attribute 'get'
[33m2026-05-08 21:44:09 | WARNING [0m | [36mexchange.alpaca_streams[0m | Failed to seed LINKUSDT/5m: 'BarSet' object has no attribute 'get'[0m
2026-05-08 21:44:09 | WARNING  | exchange.alpaca_streams | Failed to seed LINKUSDT/5m: 'BarSet' object has no attribute 'get'
[33m2026-05-08 21:44:09 | WARNING [0m | [36mexchange.alpaca_streams[0m | Failed to seed LINKUSDT/15m: 'BarSet' object has no attribute 'get'[0m
2026-05-08 21:44:09 | WARNING  | exchange.alpaca_streams | Failed to seed LINKUSDT/15m: 'BarSet' object has no attribute 'get'
[33m2026-05-08 21:44:09 | WARNING [0m | [36mexchange.alpaca_streams[0m | Failed to seed LINKUSDT/1h: 'BarSet' object has no attribute 'get'[0m
2026-05-08 21:44:09 | WARNING  | exchange.alpaca_streams | Failed to seed LINKUSDT/1h: 'BarSet' object has no attribute 'get'
[33m2026-05-08 21:44:10 | WARNING [0m | [36mexchange.alpaca_streams[0m | Failed to seed LINKUSDT/4h: 'BarSet' object has no attribute 'get'[0m
2026-05-08 21:44:10 | WARNING  | exchange.alpaca_streams | Failed to seed LINKUSDT/4h: 'BarSet' object has no attribute 'get'
[33m2026-05-08 21:44:10 | WARNING [0m | [36mexchange.alpaca_streams[0m | Failed to seed XRPUSDT/1m: 'BarSet' object has no attribute 'get'[0m
2026-05-08 21:44:10 | WARNING  | exchange.alpaca_streams | Failed to seed XRPUSDT/1m: 'BarSet' object has no attribute 'get'
[33m2026-05-08 21:44:10 | WARNING [0m | [36mexchange.alpaca_streams[0m | Failed to seed XRPUSDT/5m: 'BarSet' object has no attribute 'get'[0m
2026-05-08 21:44:10 | WARNING  | exchange.alpaca_streams | Failed to seed XRPUSDT/5m: 'BarSet' object has no attribute 'get'
[33m2026-05-08 21:44:11 | WARNING [0m | [36mexchange.alpaca_streams[0m | Failed to seed XRPUSDT/15m: 'BarSet' object has no attribute 'get'[0m
2026-05-08 21:44:11 | WARNING  | exchange.alpaca_streams | Failed to seed XRPUSDT/15m: 'BarSet' object has no attribute 'get'
[33m2026-05-08 21:44:11 | WARNING [0m | [36mexchange.alpaca_streams[0m | Failed to seed XRPUSDT/1h: 'BarSet' object has no attribute 'get'[0m
2026-05-08 21:44:11 | WARNING  | exchange.alpaca_streams | Failed to seed XRPUSDT/1h: 'BarSet' object has no attribute 'get'
[33m2026-05-08 21:44:11 | WARNING [0m | [36mexchange.alpaca_streams[0m | Failed to seed XRPUSDT/4h: 'BarSet' object has no attribute 'get'[0m
2026-05-08 21:44:11 | WARNING  | exchange.alpaca_streams | Failed to seed XRPUSDT/4h: 'BarSet' object has no attribute 'get'
[33m2026-05-08 21:44:12 | WARNING [0m | [36mexchange.alpaca_streams[0m | Failed to seed BTCUSDT/1m: 'BarSet' object has no attribute 'get'[0m
2026-05-08 21:44:12 | WARNING  | exchange.alpaca_streams | Failed to seed BTCUSDT/1m: 'BarSet' object has no attribute 'get'
[33m2026-05-08 21:44:12 | WARNING [0m | [36mexchange.alpaca_streams[0m | Failed to seed BTCUSDT/5m: 'BarSet' object has no attribute 'get'[0m
2026-05-08 21:44:12 | WARNING  | exchange.alpaca_streams | Failed to seed BTCUSDT/5m: 'BarSet' object has no attribute 'get'
[33m2026-05-08 21:44:12 | WARNING [0m | [36mexchange.alpaca_streams[0m | Failed to seed BTCUSDT/15m: 'BarSet' object has no attribute 'get'[0m
2026-05-08 21:44:12 | WARNING  | exchange.alpaca_streams | Failed to seed BTCUSDT/15m: 'BarSet' object has no attribute 'get'
[33m2026-05-08 21:44:12 | WARNING [0m | [36mexchange.alpaca_streams[0m | Failed to seed BTCUSDT/1h: 'BarSet' object has no attribute 'get'[0m
2026-05-08 21:44:12 | WARNING  | exchange.alpaca_streams | Failed to seed BTCUSDT/1h: 'BarSet' object has no attribute 'get'
[33m2026-05-08 21:44:15 | WARNING [0m | [36mexchange.alpaca_streams[0m | Failed to seed BTCUSDT/4h: 'BarSet' object has no attribute 'get'[0m
2026-05-08 21:44:15 | WARNING  | exchange.alpaca_streams | Failed to seed BTCUSDT/4h: 'BarSet' object has no attribute 'get'
[33m2026-05-08 21:44:15 | WARNING [0m | [36mexchange.alpaca_streams[0m | Failed to seed SOLUSDT/1m: 'BarSet' object has no attribute 'get'[0m
2026-05-08 21:44:15 | WARNING  | exchange.alpaca_streams | Failed to seed SOLUSDT/1m: 'BarSet' object has no attribute 'get'
[33m2026-05-08 21:44:15 | WARNING [0m | [36mexchange.alpaca_streams[0m | Failed to seed SOLUSDT/5m: 'BarSet' object has no attribute 'get'[0m
2026-05-08 21:44:15 | WARNING  | exchange.alpaca_streams | Failed to seed SOLUSDT/5m: 'BarSet' object has no attribute 'get'
[33m2026-05-08 21:44:15 | WARNING [0m | [36mexchange.alpaca_streams[0m | Failed to seed SOLUSDT/15m: 'BarSet' object has no attribute 'get'[0m
2026-05-08 21:44:15 | WARNING  | exchange.alpaca_streams | Failed to seed SOLUSDT/15m: 'BarSet' object has no attribute 'get'
[33m2026-05-08 21:44:15 | WARNING [0m | [36mexchange.alpaca_streams[0m | Failed to seed SOLUSDT/1h: 'BarSet' object has no attribute 'get'[0m
2026-05-08 21:44:15 | WARNING  | exchange.alpaca_streams | Failed to seed SOLUSDT/1h: 'BarSet' object has no attribute 'get'
[33m2026-05-08 21:44:16 | WARNING [0m | [36mexchange.alpaca_streams[0m | Failed to seed SOLUSDT/4h: 'BarSet' object has no attribute 'get'[0m
2026-05-08 21:44:16 | WARNING  | exchange.alpaca_streams | Failed to seed SOLUSDT/4h: 'BarSet' object has no attribute 'get'
[33m2026-05-08 21:44:16 | WARNING [0m | [36mexchange.alpaca_streams[0m | Failed to seed ETHUSDT/1m: 'BarSet' object has no attribute 'get'[0m
2026-05-08 21:44:16 | WARNING  | exchange.alpaca_streams | Failed to seed ETHUSDT/1m: 'BarSet' object has no attribute 'get'
[33m2026-05-08 21:44:17 | WARNING [0m | [36mexchange.alpaca_streams[0m | Failed to seed ETHUSDT/5m: 'BarSet' object has no attribute 'get'[0m
2026-05-08 21:44:17 | WARNING  | exchange.alpaca_streams | Failed to seed ETHUSDT/5m: 'BarSet' object has no attribute 'get'
[33m2026-05-08 21:44:17 | WARNING [0m | [36mexchange.alpaca_streams[0m | Failed to seed ETHUSDT/15m: 'BarSet' object has no attribute 'get'[0m
2026-05-08 21:44:17 | WARNING  | exchange.alpaca_streams | Failed to seed ETHUSDT/15m: 'BarSet' object has no attribute 'get'
[33m2026-05-08 21:44:17 | WARNING [0m | [36mexchange.alpaca_streams[0m | Failed to seed ETHUSDT/1h: 'BarSet' object has no attribute 'get'[0m
2026-05-08 21:44:17 | WARNING  | exchange.alpaca_streams | Failed to seed ETHUSDT/1h: 'BarSet' object has no attribute 'get'
[33m2026-05-08 21:44:20 | WARNING [0m | [36mexchange.alpaca_streams[0m | Failed to seed ETHUSDT/4h: 'BarSet' object has no attribute 'get'[0m
2026-05-08 21:44:20 | WARNING  | exchange.alpaca_streams | Failed to seed ETHUSDT/4h: 'BarSet' object has no attribute 'get'
[33m2026-05-08 21:44:20 | WARNING [0m | [36mexchange.alpaca_streams[0m | Failed to seed DOGEUSDT/1m: 'BarSet' object has no attribute 'get'[0m
2026-05-08 21:44:20 | WARNING  | exchange.alpaca_streams | Failed to seed DOGEUSDT/1m: 'BarSet' object has no attribute 'get'
[33m2026-05-08 21:44:20 | WARNING [0m | [36mexchange.alpaca_streams[0m | Failed to seed DOGEUSDT/5m: 'BarSet' object has no attribute 'get'[0m
2026-05-08 21:44:20 | WARNING  | exchange.alpaca_streams | Failed to seed DOGEUSDT/5m: 'BarSet' object has no attribute 'get'
[33m2026-05-08 21:44:20 | WARNING [0m | [36mexchange.alpaca_streams[0m | Failed to seed DOGEUSDT/15m: 'BarSet' object has no attribute 'get'[0m
2026-05-08 21:44:20 | WARNING  | exchange.alpaca_streams | Failed to seed DOGEUSDT/15m: 'BarSet' object has no attribute 'get'
[33m2026-05-08 21:44:21 | WARNING [0m | [36mexchange.alpaca_streams[0m | Failed to seed DOGEUSDT/1h: 'BarSet' object has no attribute 'get'[0m
2026-05-08 21:44:21 | WARNING  | exchange.alpaca_streams | Failed to seed DOGEUSDT/1h: 'BarSet' object has no attribute 'get'
[33m2026-05-08 21:44:22 | WARNING [0m | [36mexchange.alpaca_streams[0m | Failed to seed DOGEUSDT/4h: 'BarSet' object has no attribute 'get'[0m
2026-05-08 21:44:22 | WARNING  | exchange.alpaca_streams | Failed to seed DOGEUSDT/4h: 'BarSet' object has no attribute 'get'
[33m2026-05-08 21:44:22 | WARNING [0m | [36mexchange.alpaca_streams[0m | Failed to seed ADAUSDT/1m: 'BarSet' object has no attribute 'get'[0m
2026-05-08 21:44:22 | WARNING  | exchange.alpaca_streams | Failed to seed ADAUSDT/1m: 'BarSet' object has no attribute 'get'
[33m2026-05-08 21:44:22 | WARNING [0m | [36mexchange.alpaca_streams[0m | Failed to seed ADAUSDT/5m: 'BarSet' object has no attribute 'get'[0m
2026-05-08 21:44:22 | WARNING  | exchange.alpaca_streams | Failed to seed ADAUSDT/5m: 'BarSet' object has no attribute 'get'
[33m2026-05-08 21:44:22 | WARNING [0m | [36mexchange.alpaca_streams[0m | Failed to seed ADAUSDT/15m: 'BarSet' object has no attribute 'get'[0m
2026-05-08 21:44:22 | WARNING  | exchange.alpaca_streams | Failed to seed ADAUSDT/15m: 'BarSet' object has no attribute 'get'
[33m2026-05-08 21:44:22 | WARNING [0m | [36mexchange.alpaca_streams[0m | Failed to seed ADAUSDT/1h: 'BarSet' object has no attribute 'get'[0m
2026-05-08 21:44:22 | WARNING  | exchange.alpaca_streams | Failed to seed ADAUSDT/1h: 'BarSet' object has no attribute 'get'
[33m2026-05-08 21:44:23 | WARNING [0m | [36mexchange.alpaca_streams[0m | Failed to seed ADAUSDT/4h: 'BarSet' object has no attribute 'get'[0m
2026-05-08 21:44:23 | WARNING  | exchange.alpaca_streams | Failed to seed ADAUSDT/4h: 'BarSet' object has no attribute 'get'
[32m2026-05-08 21:44:23 | INFO    [0m | [36mexchange.alpaca_streams[0m | History seed complete for 8 symbols[0m
2026-05-08 21:44:23 | INFO     | exchange.alpaca_streams | History seed complete for 8 symbols
2026-05-08 21:45:02 | INFO     | scripts.risk_monitor | Risk | equity=1027.94 | dd=0.00% | var99=0.00% | gross_exp=8.0x | positions=1
[32m2026-05-08 21:45:07 | INFO    [0m | [36mbot.orchestrator[0m | === Cycle 2 ===[0m
2026-05-08 21:45:07 | INFO     | bot.orchestrator | === Cycle 2 ===
[32m2026-05-08 21:45:07 | INFO    [0m | [36mbot.orchestrator[0m | Market regime: ranging[0m
2026-05-08 21:45:07 | INFO     | bot.orchestrator | Market regime: ranging
[32m2026-05-08 21:45:07 | INFO    [0m | [36mbot.orchestrator[0m | Raw signals: 0[0m
2026-05-08 21:45:07 | INFO     | bot.orchestrator | Raw signals: 0
[32m2026-05-08 21:45:07 | INFO    [0m | [36mbot.orchestrator[0m | Approved signals after risk filter: 0[0m
2026-05-08 21:45:07 | INFO     | bot.orchestrator | Approved signals after risk filter: 0
[32m2026-05-08 21:45:07 | INFO    [0m | [36mbot.orchestrator[0m | Snapshot | equity=1027.94 | regime=ranging | positions=1 | upnl=-7.42 | signals_approved=0[0m
2026-05-08 21:45:07 | INFO     | bot.orchestrator | Snapshot | equity=1027.94 | regime=ranging | positions=1 | upnl=-7.42 | signals_approved=0
[32m2026-05-08 21:45:40 | INFO    [0m | [36mscripts.run_bot[0m | Shutdown signal received — closing positions and stopping...[0m
2026-05-08 21:45:40 | INFO     | scripts.run_bot | Shutdown signal received — closing positions and stopping...
[32m2026-05-08 21:45:40 | INFO    [0m | [36mexchange.alpaca_streams[0m | AlpacaStreamManager stopped[0m
2026-05-08 21:45:40 | INFO     | exchange.alpaca_streams | AlpacaStreamManager stopped
[32m2026-05-08 21:45:40 | INFO    [0m | [36mexchange.alpaca_client[0m | Alpaca client closed[0m
2026-05-08 21:45:40 | INFO     | exchange.alpaca_client | Alpaca client closed
[32m2026-05-08 21:45:40 | INFO    [0m | [36mbot.orchestrator[0m | Orchestrator shutting down...[0m
2026-05-08 21:45:40 | INFO     | bot.orchestrator | Orchestrator shutting down...
[32m2026-05-08 21:45:40 | INFO    [0m | [36mexchange.alpaca_streams[0m | AlpacaStreamManager stopped[0m
2026-05-08 21:45:40 | INFO     | exchange.alpaca_streams | AlpacaStreamManager stopped
[32m2026-05-08 21:45:40 | INFO    [0m | [36mexchange.alpaca_client[0m | Alpaca client closed[0m
2026-05-08 21:45:40 | INFO     | exchange.alpaca_client | Alpaca client closed
[32m2026-05-08 21:45:40 | INFO    [0m | [36mbot.orchestrator[0m | Orchestrator stopped[0m
2026-05-08 21:45:40 | INFO     | bot.orchestrator | Orchestrator stopped
[31m2026-05-08 21:45:50 | ERROR   [0m | [36masyncio[0m | Task exception was never retrieved
future: <Task finished name='Task-17' coro=<_shutdown() done, defined at /home/dash/options-spread/scripts/run_bot.py:35> exception=SystemExit(0)>[0m
Traceback (most recent call last):
  File "/home/dash/options-spread/scripts/run_bot.py", line 48, in main
    asyncio.run(_main())
  File "/usr/lib/python3.12/asyncio/runners.py", line 194, in run
    return runner.run(main)
           ^^^^^^^^^^^^^^^^
  File "/usr/lib/python3.12/asyncio/runners.py", line 118, in run
    return self._loop.run_until_complete(task)
           ^^^^^^^^^^^^^^^^^^^^^^^^^^^^^^^^^^^
  File "/usr/lib/python3.12/asyncio/base_events.py", line 674, in run_until_complete
    self.run_forever()
  File "/usr/lib/python3.12/asyncio/base_events.py", line 641, in run_forever
    self._run_once()
  File "/usr/lib/python3.12/asyncio/base_events.py", line 1987, in _run_once
    handle._run()
  File "/usr/lib/python3.12/asyncio/events.py", line 88, in _run
    self._context.run(self._callback, *self._args)
  File "/home/dash/options-spread/scripts/run_bot.py", line 42, in _shutdown
    sys.exit(0)
SystemExit: 0
2026-05-08 21:45:50 | ERROR    | asyncio | Task exception was never retrieved
future: <Task finished name='Task-17' coro=<_shutdown() done, defined at /home/dash/options-spread/scripts/run_bot.py:35> exception=SystemExit(0)>
Traceback (most recent call last):
  File "/home/dash/options-spread/scripts/run_bot.py", line 48, in main
    asyncio.run(_main())
  File "/usr/lib/python3.12/asyncio/runners.py", line 194, in run
    return runner.run(main)
           ^^^^^^^^^^^^^^^^
  File "/usr/lib/python3.12/asyncio/runners.py", line 118, in run
    return self._loop.run_until_complete(task)
           ^^^^^^^^^^^^^^^^^^^^^^^^^^^^^^^^^^^
  File "/usr/lib/python3.12/asyncio/base_events.py", line 674, in run_until_complete
    self.run_forever()
  File "/usr/lib/python3.12/asyncio/base_events.py", line 641, in run_forever
    self._run_once()
  File "/usr/lib/python3.12/asyncio/base_events.py", line 1987, in _run_once
    handle._run()
  File "/usr/lib/python3.12/asyncio/events.py", line 88, in _run
    self._context.run(self._callback, *self._args)
  File "/home/dash/options-spread/scripts/run_bot.py", line 42, in _shutdown
    sys.exit(0)
SystemExit: 0
[32m2026-05-08 21:45:51 | INFO    [0m | [36mscripts.run_bot[0m | Binance Quant Bot v2.0 — starting[0m
2026-05-08 21:45:51 | INFO     | scripts.run_bot | Binance Quant Bot v2.0 — starting
2026-05-08 21:45:52 | INFO     | exchange.alpaca_client | Alpaca client connected (paper=True) — account=7c46e40f-4ea1-4676-b5cf-67a3d21c0f1b equity=$9266.76
2026-05-08 21:45:52 | INFO     | scripts.risk_monitor | Risk monitor started — polling every 60s
2026-05-08 21:45:52 | INFO     | scripts.risk_monitor | Risk | equity=1027.94 | dd=0.00% | var99=0.00% | gross_exp=8.0x | positions=1
[32m2026-05-08 21:45:55 | INFO    [0m | [36mstrategy.registry[0m | Strategy registry: 7 strategies active — ['momentum', 'mean_reversion', 'funding_arb', 'basis_trade', 'pairs_arb', 'order_flow', 'breakout'][0m
2026-05-08 21:45:55 | INFO     | strategy.registry | Strategy registry: 7 strategies active — ['momentum', 'mean_reversion', 'funding_arb', 'basis_trade', 'pairs_arb', 'order_flow', 'breakout']
[32m2026-05-08 21:45:55 | INFO    [0m | [36mbot.orchestrator[0m | Starting Quant Bot — broker=alpaca(paper=True)[0m
2026-05-08 21:45:55 | INFO     | bot.orchestrator | Starting Quant Bot — broker=alpaca(paper=True)
[32m2026-05-08 21:45:55 | INFO    [0m | [36mbot.notifications[0m | [ALERT] Bot starting — broker=alpaca(paper=True), strategies=['momentum', 'mean_reversion', 'funding_arb', 'basis_trade', 'pairs_arb', 'order_flow', 'breakout'][0m
2026-05-08 21:45:55 | INFO     | bot.notifications | [ALERT] Bot starting — broker=alpaca(paper=True), strategies=['momentum', 'mean_reversion', 'funding_arb', 'basis_trade', 'pairs_arb', 'order_flow', 'breakout']
[33m2026-05-08 21:45:55 | WARNING [0m | [36mbot.notifications[0m | Notification send failed: Request URL is missing an 'http://' or 'https://' protocol.[0m
2026-05-08 21:45:55 | WARNING  | bot.notifications | Notification send failed: Request URL is missing an 'http://' or 'https://' protocol.
[32m2026-05-08 21:45:56 | INFO    [0m | [36mexchange.alpaca_client[0m | Alpaca client connected (paper=True) — account=7c46e40f-4ea1-4676-b5cf-67a3d21c0f1b equity=$9267.30[0m
2026-05-08 21:45:56 | INFO     | exchange.alpaca_client | Alpaca client connected (paper=True) — account=7c46e40f-4ea1-4676-b5cf-67a3d21c0f1b equity=$9267.30
[32m2026-05-08 21:45:56 | INFO    [0m | [36mexchange.alpaca_streams[0m | AlpacaStreamManager started — 8 symbols, seeding history...[0m
2026-05-08 21:45:56 | INFO     | exchange.alpaca_streams | AlpacaStreamManager started — 8 symbols, seeding history...
[32m2026-05-08 21:45:56 | INFO    [0m | [36mbot.orchestrator[0m | Loading ML models...[0m
2026-05-08 21:45:56 | INFO     | bot.orchestrator | Loading ML models...
[32m2026-05-08 21:45:57 | INFO    [0m | [36mml.price_lstm[0m | PricePredictor on device: cpu[0m
2026-05-08 21:45:57 | INFO     | ml.price_lstm | PricePredictor on device: cpu
[32m2026-05-08 21:45:57 | INFO    [0m | [36mml.price_lstm[0m | PricePredictor on device: cpu[0m
2026-05-08 21:45:57 | INFO     | ml.price_lstm | PricePredictor on device: cpu
[32m2026-05-08 21:45:57 | INFO    [0m | [36mml.price_lstm[0m | PricePredictor on device: cpu[0m
2026-05-08 21:45:57 | INFO     | ml.price_lstm | PricePredictor on device: cpu
[32m2026-05-08 21:45:57 | INFO    [0m | [36mml.price_lstm[0m | PricePredictor on device: cpu[0m
2026-05-08 21:45:57 | INFO     | ml.price_lstm | PricePredictor on device: cpu
[32m2026-05-08 21:45:57 | INFO    [0m | [36mbot.orchestrator[0m | ML models loaded[0m
2026-05-08 21:45:57 | INFO     | bot.orchestrator | ML models loaded
[32m2026-05-08 21:45:57 | INFO    [0m | [36malpaca.data.live.websocket[0m | started data stream[0m
2026-05-08 21:45:57 | INFO     | alpaca.data.live.websocket | started data stream
[32m2026-05-08 21:45:57 | INFO    [0m | [36malpaca.data.live.websocket[0m | starting data websocket connection[0m
2026-05-08 21:45:57 | INFO     | alpaca.data.live.websocket | starting data websocket connection
[32m2026-05-08 21:45:57 | INFO    [0m | [36malpaca.data.live.websocket[0m | connecting to wss://stream.data.alpaca.markets/v1beta3/crypto/us[0m
2026-05-08 21:45:57 | INFO     | alpaca.data.live.websocket | connecting to wss://stream.data.alpaca.markets/v1beta3/crypto/us
[32m2026-05-08 21:45:57 | INFO    [0m | [36mrisk.risk_guard[0m | New trading day — start equity=1027.94[0m
2026-05-08 21:45:57 | INFO     | risk.risk_guard | New trading day — start equity=1027.94
[32m2026-05-08 21:45:57 | INFO    [0m | [36mbot.orchestrator[0m | Startup complete — initial equity=1027.94 USDT[0m
2026-05-08 21:45:57 | INFO     | bot.orchestrator | Startup complete — initial equity=1027.94 USDT
[32m2026-05-08 21:45:57 | INFO    [0m | [36mbot.orchestrator[0m | === Cycle 1 ===[0m
2026-05-08 21:45:57 | INFO     | bot.orchestrator | === Cycle 1 ===
[32m2026-05-08 21:45:58 | INFO    [0m | [36mbot.orchestrator[0m | Market regime: ranging[0m
2026-05-08 21:45:58 | INFO     | bot.orchestrator | Market regime: ranging
[32m2026-05-08 21:45:58 | INFO    [0m | [36mbot.orchestrator[0m | Raw signals: 0[0m
2026-05-08 21:45:58 | INFO     | bot.orchestrator | Raw signals: 0
[32m2026-05-08 21:45:58 | INFO    [0m | [36mbot.orchestrator[0m | Approved signals after risk filter: 0[0m
2026-05-08 21:45:58 | INFO     | bot.orchestrator | Approved signals after risk filter: 0
[32m2026-05-08 21:45:58 | INFO    [0m | [36mbot.orchestrator[0m | Snapshot | equity=1027.94 | regime=ranging | positions=1 | upnl=-7.42 | signals_approved=0[0m
2026-05-08 21:45:58 | INFO     | bot.orchestrator | Snapshot | equity=1027.94 | regime=ranging | positions=1 | upnl=-7.42 | signals_approved=0
[32m2026-05-08 21:45:58 | INFO    [0m | [36malpaca.data.live.websocket[0m | connected to wss://stream.data.alpaca.markets/v1beta3/crypto/us[0m
2026-05-08 21:45:58 | INFO     | alpaca.data.live.websocket | connected to wss://stream.data.alpaca.markets/v1beta3/crypto/us
[32m2026-05-08 21:45:58 | INFO    [0m | [36malpaca.data.live.websocket[0m | subscribed to quotes: ['LINK/USD', 'ETH/USD', 'ADA/USD', 'DOGE/USD', 'XRP/USD', 'BTC/USD', 'AVAX/USD', 'SOL/USD'], bars: ['LINK/USD', 'ETH/USD', 'AVAX/USD', 'ADA/USD', 'DOGE/USD', 'SOL/USD', 'XRP/USD', 'BTC/USD'][0m
2026-05-08 21:45:58 | INFO     | alpaca.data.live.websocket | subscribed to quotes: ['LINK/USD', 'ETH/USD', 'ADA/USD', 'DOGE/USD', 'XRP/USD', 'BTC/USD', 'AVAX/USD', 'SOL/USD'], bars: ['LINK/USD', 'ETH/USD', 'AVAX/USD', 'ADA/USD', 'DOGE/USD', 'SOL/USD', 'XRP/USD', 'BTC/USD']
[32m2026-05-08 21:46:16 | INFO    [0m | [36mexchange.alpaca_streams[0m | History seed complete for 8 symbols[0m
2026-05-08 21:46:16 | INFO     | exchange.alpaca_streams | History seed complete for 8 symbols
2026-05-08 21:46:53 | INFO     | scripts.risk_monitor | Risk | equity=1027.94 | dd=0.00% | var99=0.00% | gross_exp=8.0x | positions=1
[32m2026-05-08 21:46:57 | INFO    [0m | [36mbot.orchestrator[0m | === Cycle 2 ===[0m
2026-05-08 21:46:57 | INFO     | bot.orchestrator | === Cycle 2 ===
[32m2026-05-08 21:46:58 | INFO    [0m | [36mbot.orchestrator[0m | Market regime: unknown[0m
2026-05-08 21:46:58 | INFO     | bot.orchestrator | Market regime: unknown
[32m2026-05-08 21:46:58 | INFO    [0m | [36mbot.orchestrator[0m | Raw signals: 3[0m
2026-05-08 21:46:58 | INFO     | bot.orchestrator | Raw signals: 3
[32m2026-05-08 21:46:58 | INFO    [0m | [36mbot.orchestrator[0m | Approved signals after risk filter: 0[0m
2026-05-08 21:46:58 | INFO     | bot.orchestrator | Approved signals after risk filter: 0
[32m2026-05-08 21:46:58 | INFO    [0m | [36mbot.orchestrator[0m | Snapshot | equity=1027.94 | regime=unknown | positions=1 | upnl=-7.79 | signals_approved=0[0m
2026-05-08 21:46:58 | INFO     | bot.orchestrator | Snapshot | equity=1027.94 | regime=unknown | positions=1 | upnl=-7.79 | signals_approved=0
[32m2026-05-08 21:47:20 | INFO    [0m | [36mscripts.run_bot[0m | Shutdown signal received — closing positions and stopping...[0m
2026-05-08 21:47:20 | INFO     | scripts.run_bot | Shutdown signal received — closing positions and stopping...
[32m2026-05-08 21:47:20 | INFO    [0m | [36mexchange.alpaca_streams[0m | AlpacaStreamManager stopped[0m
2026-05-08 21:47:20 | INFO     | exchange.alpaca_streams | AlpacaStreamManager stopped
[32m2026-05-08 21:47:20 | INFO    [0m | [36mexchange.alpaca_client[0m | Alpaca client closed[0m
2026-05-08 21:47:20 | INFO     | exchange.alpaca_client | Alpaca client closed
[32m2026-05-08 21:47:20 | INFO    [0m | [36mbot.orchestrator[0m | Orchestrator shutting down...[0m
2026-05-08 21:47:20 | INFO     | bot.orchestrator | Orchestrator shutting down...
[32m2026-05-08 21:47:20 | INFO    [0m | [36mexchange.alpaca_streams[0m | AlpacaStreamManager stopped[0m
2026-05-08 21:47:20 | INFO     | exchange.alpaca_streams | AlpacaStreamManager stopped
[32m2026-05-08 21:47:20 | INFO    [0m | [36mexchange.alpaca_client[0m | Alpaca client closed[0m
2026-05-08 21:47:20 | INFO     | exchange.alpaca_client | Alpaca client closed
[32m2026-05-08 21:47:20 | INFO    [0m | [36mbot.orchestrator[0m | Orchestrator stopped[0m
2026-05-08 21:47:20 | INFO     | bot.orchestrator | Orchestrator stopped
[31m2026-05-08 21:47:30 | ERROR   [0m | [36masyncio[0m | Task exception was never retrieved
future: <Task finished name='Task-16' coro=<_shutdown() done, defined at /home/dash/options-spread/scripts/run_bot.py:35> exception=SystemExit(0)>[0m
Traceback (most recent call last):
  File "/home/dash/options-spread/scripts/run_bot.py", line 48, in main
    asyncio.run(_main())
  File "/usr/lib/python3.12/asyncio/runners.py", line 194, in run
    return runner.run(main)
           ^^^^^^^^^^^^^^^^
  File "/usr/lib/python3.12/asyncio/runners.py", line 118, in run
    return self._loop.run_until_complete(task)
           ^^^^^^^^^^^^^^^^^^^^^^^^^^^^^^^^^^^
  File "/usr/lib/python3.12/asyncio/base_events.py", line 674, in run_until_complete
    self.run_forever()
  File "/usr/lib/python3.12/asyncio/base_events.py", line 641, in run_forever
    self._run_once()
  File "/usr/lib/python3.12/asyncio/base_events.py", line 1987, in _run_once
    handle._run()
  File "/usr/lib/python3.12/asyncio/events.py", line 88, in _run
    self._context.run(self._callback, *self._args)
  File "/home/dash/options-spread/scripts/run_bot.py", line 42, in _shutdown
    sys.exit(0)
SystemExit: 0
2026-05-08 21:47:30 | ERROR    | asyncio | Task exception was never retrieved
future: <Task finished name='Task-16' coro=<_shutdown() done, defined at /home/dash/options-spread/scripts/run_bot.py:35> exception=SystemExit(0)>
Traceback (most recent call last):
  File "/home/dash/options-spread/scripts/run_bot.py", line 48, in main
    asyncio.run(_main())
  File "/usr/lib/python3.12/asyncio/runners.py", line 194, in run
    return runner.run(main)
           ^^^^^^^^^^^^^^^^
  File "/usr/lib/python3.12/asyncio/runners.py", line 118, in run
    return self._loop.run_until_complete(task)
           ^^^^^^^^^^^^^^^^^^^^^^^^^^^^^^^^^^^
  File "/usr/lib/python3.12/asyncio/base_events.py", line 674, in run_until_complete
    self.run_forever()
  File "/usr/lib/python3.12/asyncio/base_events.py", line 641, in run_forever
    self._run_once()
  File "/usr/lib/python3.12/asyncio/base_events.py", line 1987, in _run_once
    handle._run()
  File "/usr/lib/python3.12/asyncio/events.py", line 88, in _run
    self._context.run(self._callback, *self._args)
  File "/home/dash/options-spread/scripts/run_bot.py", line 42, in _shutdown
    sys.exit(0)
SystemExit: 0
[32m2026-05-08 21:47:31 | INFO    [0m | [36mscripts.run_bot[0m | Binance Quant Bot v2.0 — starting[0m
2026-05-08 21:47:31 | INFO     | scripts.run_bot | Binance Quant Bot v2.0 — starting
2026-05-08 21:47:32 | INFO     | exchange.alpaca_client | Alpaca client connected (paper=True) — account=7c46e40f-4ea1-4676-b5cf-67a3d21c0f1b equity=$9266.76
2026-05-08 21:47:32 | INFO     | scripts.risk_monitor | Risk monitor started — polling every 60s
2026-05-08 21:47:32 | INFO     | scripts.risk_monitor | Risk | equity=1027.94 | dd=0.00% | var99=0.00% | gross_exp=8.0x | positions=1
[32m2026-05-08 21:47:35 | INFO    [0m | [36mstrategy.registry[0m | Strategy registry: 7 strategies active — ['momentum', 'mean_reversion', 'funding_arb', 'basis_trade', 'pairs_arb', 'order_flow', 'breakout'][0m
2026-05-08 21:47:35 | INFO     | strategy.registry | Strategy registry: 7 strategies active — ['momentum', 'mean_reversion', 'funding_arb', 'basis_trade', 'pairs_arb', 'order_flow', 'breakout']
[32m2026-05-08 21:47:35 | INFO    [0m | [36mbot.orchestrator[0m | Starting Quant Bot — broker=alpaca(paper=True)[0m
2026-05-08 21:47:35 | INFO     | bot.orchestrator | Starting Quant Bot — broker=alpaca(paper=True)
[32m2026-05-08 21:47:35 | INFO    [0m | [36mbot.notifications[0m | [ALERT] Bot starting — broker=alpaca(paper=True), strategies=['momentum', 'mean_reversion', 'funding_arb', 'basis_trade', 'pairs_arb', 'order_flow', 'breakout'][0m
2026-05-08 21:47:35 | INFO     | bot.notifications | [ALERT] Bot starting — broker=alpaca(paper=True), strategies=['momentum', 'mean_reversion', 'funding_arb', 'basis_trade', 'pairs_arb', 'order_flow', 'breakout']
[33m2026-05-08 21:47:35 | WARNING [0m | [36mbot.notifications[0m | Notification send failed: Request URL is missing an 'http://' or 'https://' protocol.[0m
2026-05-08 21:47:35 | WARNING  | bot.notifications | Notification send failed: Request URL is missing an 'http://' or 'https://' protocol.
[32m2026-05-08 21:47:36 | INFO    [0m | [36mexchange.alpaca_client[0m | Alpaca client connected (paper=True) — account=7c46e40f-4ea1-4676-b5cf-67a3d21c0f1b equity=$9266.89[0m
2026-05-08 21:47:36 | INFO     | exchange.alpaca_client | Alpaca client connected (paper=True) — account=7c46e40f-4ea1-4676-b5cf-67a3d21c0f1b equity=$9266.89
[32m2026-05-08 21:47:36 | INFO    [0m | [36mexchange.alpaca_streams[0m | AlpacaStreamManager started — 8 symbols, seeding history...[0m
2026-05-08 21:47:36 | INFO     | exchange.alpaca_streams | AlpacaStreamManager started — 8 symbols, seeding history...
[32m2026-05-08 21:47:36 | INFO    [0m | [36mbot.orchestrator[0m | Loading ML models...[0m
2026-05-08 21:47:36 | INFO     | bot.orchestrator | Loading ML models...
[32m2026-05-08 21:47:37 | INFO    [0m | [36mml.price_lstm[0m | PricePredictor on device: cpu[0m
2026-05-08 21:47:37 | INFO     | ml.price_lstm | PricePredictor on device: cpu
[32m2026-05-08 21:47:37 | INFO    [0m | [36mml.price_lstm[0m | PricePredictor on device: cpu[0m
2026-05-08 21:47:37 | INFO     | ml.price_lstm | PricePredictor on device: cpu
[32m2026-05-08 21:47:37 | INFO    [0m | [36mml.price_lstm[0m | PricePredictor on device: cpu[0m
2026-05-08 21:47:37 | INFO     | ml.price_lstm | PricePredictor on device: cpu
[32m2026-05-08 21:47:37 | INFO    [0m | [36mml.price_lstm[0m | PricePredictor on device: cpu[0m
2026-05-08 21:47:37 | INFO     | ml.price_lstm | PricePredictor on device: cpu
[32m2026-05-08 21:47:37 | INFO    [0m | [36mbot.orchestrator[0m | ML models loaded[0m
2026-05-08 21:47:37 | INFO     | bot.orchestrator | ML models loaded
[32m2026-05-08 21:47:37 | INFO    [0m | [36malpaca.data.live.websocket[0m | started data stream[0m
2026-05-08 21:47:37 | INFO     | alpaca.data.live.websocket | started data stream
[32m2026-05-08 21:47:37 | INFO    [0m | [36malpaca.data.live.websocket[0m | starting data websocket connection[0m
2026-05-08 21:47:37 | INFO     | alpaca.data.live.websocket | starting data websocket connection
[32m2026-05-08 21:47:37 | INFO    [0m | [36malpaca.data.live.websocket[0m | connecting to wss://stream.data.alpaca.markets/v1beta3/crypto/us[0m
2026-05-08 21:47:37 | INFO     | alpaca.data.live.websocket | connecting to wss://stream.data.alpaca.markets/v1beta3/crypto/us
[32m2026-05-08 21:47:38 | INFO    [0m | [36mrisk.risk_guard[0m | New trading day — start equity=1027.94[0m
2026-05-08 21:47:38 | INFO     | risk.risk_guard | New trading day — start equity=1027.94
[32m2026-05-08 21:47:38 | INFO    [0m | [36mbot.orchestrator[0m | Startup complete — initial equity=1027.94 USDT[0m
2026-05-08 21:47:38 | INFO     | bot.orchestrator | Startup complete — initial equity=1027.94 USDT
[32m2026-05-08 21:47:38 | INFO    [0m | [36mbot.orchestrator[0m | === Cycle 1 ===[0m
2026-05-08 21:47:38 | INFO     | bot.orchestrator | === Cycle 1 ===
[32m2026-05-08 21:47:38 | INFO    [0m | [36mbot.orchestrator[0m | Market regime: ranging[0m
2026-05-08 21:47:38 | INFO     | bot.orchestrator | Market regime: ranging
[32m2026-05-08 21:47:38 | INFO    [0m | [36mbot.orchestrator[0m | Raw signals: 0[0m
2026-05-08 21:47:38 | INFO     | bot.orchestrator | Raw signals: 0
[32m2026-05-08 21:47:38 | INFO    [0m | [36mbot.orchestrator[0m | Approved signals after risk filter: 0[0m
2026-05-08 21:47:38 | INFO     | bot.orchestrator | Approved signals after risk filter: 0
[32m2026-05-08 21:47:38 | INFO    [0m | [36mbot.orchestrator[0m | Snapshot | equity=1027.94 | regime=ranging | positions=1 | upnl=-7.42 | signals_approved=0[0m
2026-05-08 21:47:38 | INFO     | bot.orchestrator | Snapshot | equity=1027.94 | regime=ranging | positions=1 | upnl=-7.42 | signals_approved=0
[32m2026-05-08 21:47:38 | INFO    [0m | [36malpaca.data.live.websocket[0m | connected to wss://stream.data.alpaca.markets/v1beta3/crypto/us[0m
2026-05-08 21:47:38 | INFO     | alpaca.data.live.websocket | connected to wss://stream.data.alpaca.markets/v1beta3/crypto/us
[32m2026-05-08 21:47:38 | INFO    [0m | [36malpaca.data.live.websocket[0m | subscribed to quotes: ['XRP/USD', 'ETH/USD', 'ADA/USD', 'LINK/USD', 'DOGE/USD', 'AVAX/USD', 'BTC/USD', 'SOL/USD'], bars: ['LINK/USD', 'DOGE/USD', 'ADA/USD', 'ETH/USD', 'SOL/USD', 'BTC/USD', 'XRP/USD', 'AVAX/USD'][0m
2026-05-08 21:47:38 | INFO     | alpaca.data.live.websocket | subscribed to quotes: ['XRP/USD', 'ETH/USD', 'ADA/USD', 'LINK/USD', 'DOGE/USD', 'AVAX/USD', 'BTC/USD', 'SOL/USD'], bars: ['LINK/USD', 'DOGE/USD', 'ADA/USD', 'ETH/USD', 'SOL/USD', 'BTC/USD', 'XRP/USD', 'AVAX/USD']
[32m2026-05-08 21:47:53 | INFO    [0m | [36mexchange.alpaca_streams[0m | History seed complete for 8 symbols[0m
2026-05-08 21:47:53 | INFO     | exchange.alpaca_streams | History seed complete for 8 symbols
2026-05-08 21:48:33 | INFO     | scripts.risk_monitor | Risk | equity=1027.94 | dd=0.00% | var99=0.00% | gross_exp=8.0x | positions=1
[32m2026-05-08 21:48:38 | INFO    [0m | [36mbot.orchestrator[0m | === Cycle 2 ===[0m
2026-05-08 21:48:38 | INFO     | bot.orchestrator | === Cycle 2 ===
[32m2026-05-08 21:48:38 | INFO    [0m | [36mbot.orchestrator[0m | Market regime: unknown[0m
2026-05-08 21:48:38 | INFO     | bot.orchestrator | Market regime: unknown
[32m2026-05-08 21:48:38 | INFO    [0m | [36mbot.orchestrator[0m | Raw signals: 3[0m
2026-05-08 21:48:38 | INFO     | bot.orchestrator | Raw signals: 3
[32m2026-05-08 21:48:38 | INFO    [0m | [36mbot.orchestrator[0m | Approved signals after risk filter: 0[0m
2026-05-08 21:48:38 | INFO     | bot.orchestrator | Approved signals after risk filter: 0
[32m2026-05-08 21:48:38 | INFO    [0m | [36mbot.orchestrator[0m | Snapshot | equity=1027.94 | regime=unknown | positions=1 | upnl=-7.42 | signals_approved=0[0m
2026-05-08 21:48:38 | INFO     | bot.orchestrator | Snapshot | equity=1027.94 | regime=unknown | positions=1 | upnl=-7.42 | signals_approved=0
2026-05-08 21:49:33 | INFO     | scripts.risk_monitor | Risk | equity=1027.94 | dd=0.00% | var99=0.00% | gross_exp=8.0x | positions=1
[32m2026-05-08 21:49:38 | INFO    [0m | [36mbot.orchestrator[0m | === Cycle 3 ===[0m
2026-05-08 21:49:38 | INFO     | bot.orchestrator | === Cycle 3 ===
[32m2026-05-08 21:49:38 | INFO    [0m | [36mbot.orchestrator[0m | Market regime: unknown[0m
2026-05-08 21:49:38 | INFO     | bot.orchestrator | Market regime: unknown
[32m2026-05-08 21:49:38 | INFO    [0m | [36mbot.orchestrator[0m | Raw signals: 3[0m
2026-05-08 21:49:38 | INFO     | bot.orchestrator | Raw signals: 3
[32m2026-05-08 21:49:38 | INFO    [0m | [36mbot.orchestrator[0m | Approved signals after risk filter: 0[0m
2026-05-08 21:49:38 | INFO     | bot.orchestrator | Approved signals after risk filter: 0
[32m2026-05-08 21:49:38 | INFO    [0m | [36mbot.orchestrator[0m | Snapshot | equity=1027.94 | regime=unknown | positions=1 | upnl=-7.79 | signals_approved=0[0m
2026-05-08 21:49:38 | INFO     | bot.orchestrator | Snapshot | equity=1027.94 | regime=unknown | positions=1 | upnl=-7.79 | signals_approved=0
2026-05-08 21:50:33 | INFO     | scripts.risk_monitor | Risk | equity=1027.94 | dd=0.00% | var99=0.00% | gross_exp=8.0x | positions=1
[32m2026-05-08 21:50:38 | INFO    [0m | [36mbot.orchestrator[0m | === Cycle 4 ===[0m
2026-05-08 21:50:38 | INFO     | bot.orchestrator | === Cycle 4 ===
[32m2026-05-08 21:50:38 | INFO    [0m | [36mbot.orchestrator[0m | Market regime: unknown[0m
2026-05-08 21:50:38 | INFO     | bot.orchestrator | Market regime: unknown
[32m2026-05-08 21:50:38 | INFO    [0m | [36mbot.orchestrator[0m | Raw signals: 3[0m
2026-05-08 21:50:38 | INFO     | bot.orchestrator | Raw signals: 3
[32m2026-05-08 21:50:38 | INFO    [0m | [36mbot.orchestrator[0m | Approved signals after risk filter: 0[0m
2026-05-08 21:50:38 | INFO     | bot.orchestrator | Approved signals after risk filter: 0
[32m2026-05-08 21:50:38 | INFO    [0m | [36mbot.orchestrator[0m | Snapshot | equity=1027.94 | regime=unknown | positions=1 | upnl=-7.79 | signals_approved=0[0m
2026-05-08 21:50:38 | INFO     | bot.orchestrator | Snapshot | equity=1027.94 | regime=unknown | positions=1 | upnl=-7.79 | signals_approved=0
2026-05-08 21:51:34 | INFO     | scripts.risk_monitor | Risk | equity=1027.94 | dd=0.00% | var99=0.00% | gross_exp=8.0x | positions=1
[32m2026-05-08 21:51:38 | INFO    [0m | [36mbot.orchestrator[0m | === Cycle 5 ===[0m
2026-05-08 21:51:38 | INFO     | bot.orchestrator | === Cycle 5 ===
[32m2026-05-08 21:51:38 | INFO    [0m | [36mbot.orchestrator[0m | Market regime: unknown[0m
2026-05-08 21:51:38 | INFO     | bot.orchestrator | Market regime: unknown
[32m2026-05-08 21:51:38 | INFO    [0m | [36mbot.orchestrator[0m | Raw signals: 3[0m
2026-05-08 21:51:38 | INFO     | bot.orchestrator | Raw signals: 3
[32m2026-05-08 21:51:38 | INFO    [0m | [36mbot.orchestrator[0m | Approved signals after risk filter: 0[0m
2026-05-08 21:51:38 | INFO     | bot.orchestrator | Approved signals after risk filter: 0
[32m2026-05-08 21:51:38 | INFO    [0m | [36mbot.orchestrator[0m | Snapshot | equity=1027.94 | regime=unknown | positions=1 | upnl=-7.79 | signals_approved=0[0m
2026-05-08 21:51:38 | INFO     | bot.orchestrator | Snapshot | equity=1027.94 | regime=unknown | positions=1 | upnl=-7.79 | signals_approved=0
2026-05-08 21:52:34 | INFO     | scripts.risk_monitor | Risk | equity=1027.94 | dd=0.00% | var99=0.00% | gross_exp=8.0x | positions=1
[32m2026-05-08 21:52:38 | INFO    [0m | [36mbot.orchestrator[0m | === Cycle 6 ===[0m
2026-05-08 21:52:38 | INFO     | bot.orchestrator | === Cycle 6 ===
[32m2026-05-08 21:52:38 | INFO    [0m | [36mbot.orchestrator[0m | Market regime: unknown[0m
2026-05-08 21:52:38 | INFO     | bot.orchestrator | Market regime: unknown
[32m2026-05-08 21:52:38 | INFO    [0m | [36mbot.orchestrator[0m | Raw signals: 3[0m
2026-05-08 21:52:38 | INFO     | bot.orchestrator | Raw signals: 3
[32m2026-05-08 21:52:38 | INFO    [0m | [36mbot.orchestrator[0m | Approved signals after risk filter: 0[0m
2026-05-08 21:52:38 | INFO     | bot.orchestrator | Approved signals after risk filter: 0
[32m2026-05-08 21:52:38 | INFO    [0m | [36mbot.orchestrator[0m | Snapshot | equity=1027.94 | regime=unknown | positions=1 | upnl=-7.38 | signals_approved=0[0m
2026-05-08 21:52:38 | INFO     | bot.orchestrator | Snapshot | equity=1027.94 | regime=unknown | positions=1 | upnl=-7.38 | signals_approved=0
2026-05-08 21:53:34 | INFO     | scripts.risk_monitor | Risk | equity=1027.94 | dd=0.00% | var99=0.00% | gross_exp=8.0x | positions=1
[32m2026-05-08 21:53:38 | INFO    [0m | [36mbot.orchestrator[0m | === Cycle 7 ===[0m
2026-05-08 21:53:38 | INFO     | bot.orchestrator | === Cycle 7 ===
[32m2026-05-08 21:53:38 | INFO    [0m | [36mbot.orchestrator[0m | Market regime: unknown[0m
2026-05-08 21:53:38 | INFO     | bot.orchestrator | Market regime: unknown
[32m2026-05-08 21:53:38 | INFO    [0m | [36mbot.orchestrator[0m | Raw signals: 3[0m
2026-05-08 21:53:38 | INFO     | bot.orchestrator | Raw signals: 3
[32m2026-05-08 21:53:38 | INFO    [0m | [36mbot.orchestrator[0m | Approved signals after risk filter: 0[0m
2026-05-08 21:53:38 | INFO     | bot.orchestrator | Approved signals after risk filter: 0
[32m2026-05-08 21:53:38 | INFO    [0m | [36mbot.orchestrator[0m | Snapshot | equity=1027.94 | regime=unknown | positions=1 | upnl=-7.91 | signals_approved=0[0m
2026-05-08 21:53:38 | INFO     | bot.orchestrator | Snapshot | equity=1027.94 | regime=unknown | positions=1 | upnl=-7.91 | signals_approved=0
2026-05-08 21:54:34 | INFO     | scripts.risk_monitor | Risk | equity=1027.94 | dd=0.00% | var99=0.00% | gross_exp=8.0x | positions=1
[32m2026-05-08 21:54:38 | INFO    [0m | [36mbot.orchestrator[0m | === Cycle 8 ===[0m
2026-05-08 21:54:38 | INFO     | bot.orchestrator | === Cycle 8 ===
[32m2026-05-08 21:54:38 | INFO    [0m | [36mbot.orchestrator[0m | Market regime: unknown[0m
2026-05-08 21:54:38 | INFO     | bot.orchestrator | Market regime: unknown
[32m2026-05-08 21:54:38 | INFO    [0m | [36mbot.orchestrator[0m | Raw signals: 3[0m
2026-05-08 21:54:38 | INFO     | bot.orchestrator | Raw signals: 3
[32m2026-05-08 21:54:38 | INFO    [0m | [36mbot.orchestrator[0m | Approved signals after risk filter: 0[0m
2026-05-08 21:54:38 | INFO     | bot.orchestrator | Approved signals after risk filter: 0
[32m2026-05-08 21:54:38 | INFO    [0m | [36mbot.orchestrator[0m | Snapshot | equity=1027.94 | regime=unknown | positions=1 | upnl=-7.79 | signals_approved=0[0m
2026-05-08 21:54:38 | INFO     | bot.orchestrator | Snapshot | equity=1027.94 | regime=unknown | positions=1 | upnl=-7.79 | signals_approved=0
2026-05-08 21:55:35 | INFO     | scripts.risk_monitor | Risk | equity=1027.94 | dd=0.00% | var99=0.00% | gross_exp=8.0x | positions=1
[32m2026-05-08 21:55:38 | INFO    [0m | [36mbot.orchestrator[0m | === Cycle 9 ===[0m
2026-05-08 21:55:38 | INFO     | bot.orchestrator | === Cycle 9 ===
[32m2026-05-08 21:55:38 | INFO    [0m | [36mbot.orchestrator[0m | Market regime: unknown[0m
2026-05-08 21:55:38 | INFO     | bot.orchestrator | Market regime: unknown
[32m2026-05-08 21:55:38 | INFO    [0m | [36mbot.orchestrator[0m | Raw signals: 3[0m
2026-05-08 21:55:38 | INFO     | bot.orchestrator | Raw signals: 3
[32m2026-05-08 21:55:38 | INFO    [0m | [36mbot.orchestrator[0m | Approved signals after risk filter: 0[0m
2026-05-08 21:55:38 | INFO     | bot.orchestrator | Approved signals after risk filter: 0
[32m2026-05-08 21:55:38 | INFO    [0m | [36mbot.orchestrator[0m | Snapshot | equity=1027.94 | regime=unknown | positions=1 | upnl=-7.91 | signals_approved=0[0m
2026-05-08 21:55:38 | INFO     | bot.orchestrator | Snapshot | equity=1027.94 | regime=unknown | positions=1 | upnl=-7.91 | signals_approved=0
2026-05-08 21:56:35 | INFO     | scripts.risk_monitor | Risk | equity=1027.94 | dd=0.00% | var99=0.00% | gross_exp=8.0x | positions=1
[32m2026-05-08 21:56:38 | INFO    [0m | [36mbot.orchestrator[0m | === Cycle 10 ===[0m
2026-05-08 21:56:38 | INFO     | bot.orchestrator | === Cycle 10 ===
[32m2026-05-08 21:56:38 | INFO    [0m | [36mbot.orchestrator[0m | Market regime: unknown[0m
2026-05-08 21:56:38 | INFO     | bot.orchestrator | Market regime: unknown
[32m2026-05-08 21:56:38 | INFO    [0m | [36mbot.orchestrator[0m | Raw signals: 3[0m
2026-05-08 21:56:38 | INFO     | bot.orchestrator | Raw signals: 3
[32m2026-05-08 21:56:38 | INFO    [0m | [36mbot.orchestrator[0m | Approved signals after risk filter: 0[0m
2026-05-08 21:56:38 | INFO     | bot.orchestrator | Approved signals after risk filter: 0
[32m2026-05-08 21:56:38 | INFO    [0m | [36mbot.orchestrator[0m | Snapshot | equity=1027.94 | regime=unknown | positions=1 | upnl=-7.79 | signals_approved=0[0m
2026-05-08 21:56:38 | INFO     | bot.orchestrator | Snapshot | equity=1027.94 | regime=unknown | positions=1 | upnl=-7.79 | signals_approved=0
2026-05-08 21:57:35 | INFO     | scripts.risk_monitor | Risk | equity=9266.48 | dd=0.00% | var99=0.00% | gross_exp=0.0x | positions=0
[32m2026-05-08 21:57:38 | INFO    [0m | [36mbot.orchestrator[0m | === Cycle 11 ===[0m
2026-05-08 21:57:38 | INFO     | bot.orchestrator | === Cycle 11 ===
[32m2026-05-08 21:57:38 | INFO    [0m | [36mbot.orchestrator[0m | Market regime: unknown[0m
2026-05-08 21:57:38 | INFO     | bot.orchestrator | Market regime: unknown
[32m2026-05-08 21:57:38 | INFO    [0m | [36mbot.orchestrator[0m | Raw signals: 3[0m
2026-05-08 21:57:38 | INFO     | bot.orchestrator | Raw signals: 3
[32m2026-05-08 21:57:38 | INFO    [0m | [36mbot.orchestrator[0m | Approved signals after risk filter: 0[0m
2026-05-08 21:57:38 | INFO     | bot.orchestrator | Approved signals after risk filter: 0
[32m2026-05-08 21:57:38 | INFO    [0m | [36mbot.orchestrator[0m | Snapshot | equity=9266.48 | regime=unknown | positions=1 | upnl=-7.38 | signals_approved=0[0m
2026-05-08 21:57:38 | INFO     | bot.orchestrator | Snapshot | equity=9266.48 | regime=unknown | positions=1 | upnl=-7.38 | signals_approved=0
2026-05-08 21:58:35 | INFO     | scripts.risk_monitor | Risk | equity=1027.12 | dd=0.08% | var99=0.00% | gross_exp=8.0x | positions=1
[32m2026-05-08 21:58:38 | INFO    [0m | [36mbot.orchestrator[0m | === Cycle 12 ===[0m
2026-05-08 21:58:38 | INFO     | bot.orchestrator | === Cycle 12 ===
[32m2026-05-08 21:58:38 | INFO    [0m | [36mbot.orchestrator[0m | Market regime: unknown[0m
2026-05-08 21:58:38 | INFO     | bot.orchestrator | Market regime: unknown
[32m2026-05-08 21:58:38 | INFO    [0m | [36mbot.orchestrator[0m | Raw signals: 3[0m
2026-05-08 21:58:38 | INFO     | bot.orchestrator | Raw signals: 3
[1;31m2026-05-08 21:58:38 | CRITICAL[0m | [36mrisk.risk_guard[0m | TRADING HALTED: Max drawdown 88.9% >= limit 15.0%[0m
2026-05-08 21:58:38 | CRITICAL | risk.risk_guard | TRADING HALTED: Max drawdown 88.9% >= limit 15.0%
[33m2026-05-08 21:58:38 | WARNING [0m | [36mbot.state[0m | RISK EVENT [HALT]: Max drawdown 88.9% >= limit 15.0%[0m
2026-05-08 21:58:38 | WARNING  | bot.state | RISK EVENT [HALT]: Max drawdown 88.9% >= limit 15.0%
[32m2026-05-08 21:58:38 | INFO    [0m | [36mbot.orchestrator[0m | Approved signals after risk filter: 0[0m
2026-05-08 21:58:38 | INFO     | bot.orchestrator | Approved signals after risk filter: 0
[32m2026-05-08 21:58:38 | INFO    [0m | [36mbot.orchestrator[0m | Snapshot | equity=1027.12 | regime=unknown | positions=0 | upnl=0.00 | signals_approved=0[0m
2026-05-08 21:58:38 | INFO     | bot.orchestrator | Snapshot | equity=1027.12 | regime=unknown | positions=0 | upnl=0.00 | signals_approved=0
2026-05-08 21:59:36 | INFO     | scripts.risk_monitor | Risk | equity=1027.12 | dd=0.08% | var99=0.00% | gross_exp=8.0x | positions=1
[32m2026-05-08 21:59:38 | INFO    [0m | [36mbot.orchestrator[0m | === Cycle 13 ===[0m
2026-05-08 21:59:38 | INFO     | bot.orchestrator | === Cycle 13 ===
[32m2026-05-08 21:59:38 | INFO    [0m | [36mbot.orchestrator[0m | Market regime: unknown[0m
2026-05-08 21:59:38 | INFO     | bot.orchestrator | Market regime: unknown
[32m2026-05-08 21:59:38 | INFO    [0m | [36mbot.orchestrator[0m | Raw signals: 3[0m
2026-05-08 21:59:38 | INFO     | bot.orchestrator | Raw signals: 3
[33m2026-05-08 21:59:38 | WARNING [0m | [36mrisk.risk_guard[0m | All signals blocked — trading halted: Max drawdown 88.9% >= limit 15.0%[0m
2026-05-08 21:59:38 | WARNING  | risk.risk_guard | All signals blocked — trading halted: Max drawdown 88.9% >= limit 15.0%
[32m2026-05-08 21:59:38 | INFO    [0m | [36mbot.orchestrator[0m | Approved signals after risk filter: 0[0m
2026-05-08 21:59:38 | INFO     | bot.orchestrator | Approved signals after risk filter: 0
[32m2026-05-08 21:59:38 | INFO    [0m | [36mbot.orchestrator[0m | Snapshot | equity=1027.12 | regime=unknown | positions=1 | upnl=-0.41 | signals_approved=0[0m
2026-05-08 21:59:38 | INFO     | bot.orchestrator | Snapshot | equity=1027.12 | regime=unknown | positions=1 | upnl=-0.41 | signals_approved=0
2026-05-08 22:00:36 | INFO     | scripts.risk_monitor | Risk | equity=1027.12 | dd=0.08% | var99=0.00% | gross_exp=8.0x | positions=1
[32m2026-05-08 22:00:38 | INFO    [0m | [36mbot.orchestrator[0m | === Cycle 14 ===[0m
2026-05-08 22:00:38 | INFO     | bot.orchestrator | === Cycle 14 ===
[32m2026-05-08 22:00:38 | INFO    [0m | [36mbot.orchestrator[0m | Market regime: unknown[0m
2026-05-08 22:00:38 | INFO     | bot.orchestrator | Market regime: unknown
[32m2026-05-08 22:00:38 | INFO    [0m | [36mbot.orchestrator[0m | Raw signals: 3[0m
2026-05-08 22:00:38 | INFO     | bot.orchestrator | Raw signals: 3
[33m2026-05-08 22:00:38 | WARNING [0m | [36mrisk.risk_guard[0m | All signals blocked — trading halted: Max drawdown 88.9% >= limit 15.0%[0m
2026-05-08 22:00:38 | WARNING  | risk.risk_guard | All signals blocked — trading halted: Max drawdown 88.9% >= limit 15.0%
[32m2026-05-08 22:00:38 | INFO    [0m | [36mbot.orchestrator[0m | Approved signals after risk filter: 0[0m
2026-05-08 22:00:38 | INFO     | bot.orchestrator | Approved signals after risk filter: 0
[32m2026-05-08 22:00:38 | INFO    [0m | [36mbot.orchestrator[0m | Snapshot | equity=1027.12 | regime=unknown | positions=1 | upnl=-0.02 | signals_approved=0[0m
2026-05-08 22:00:38 | INFO     | bot.orchestrator | Snapshot | equity=1027.12 | regime=unknown | positions=1 | upnl=-0.02 | signals_approved=0
2026-05-08 22:01:36 | INFO     | scripts.risk_monitor | Risk | equity=1027.12 | dd=0.08% | var99=0.00% | gross_exp=8.0x | positions=1
[32m2026-05-08 22:01:38 | INFO    [0m | [36mbot.orchestrator[0m | === Cycle 15 ===[0m
2026-05-08 22:01:38 | INFO     | bot.orchestrator | === Cycle 15 ===
[32m2026-05-08 22:01:38 | INFO    [0m | [36mbot.orchestrator[0m | Market regime: unknown[0m
2026-05-08 22:01:38 | INFO     | bot.orchestrator | Market regime: unknown
[32m2026-05-08 22:01:38 | INFO    [0m | [36mbot.orchestrator[0m | Raw signals: 3[0m
2026-05-08 22:01:38 | INFO     | bot.orchestrator | Raw signals: 3
[33m2026-05-08 22:01:38 | WARNING [0m | [36mrisk.risk_guard[0m | All signals blocked — trading halted: Max drawdown 88.9% >= limit 15.0%[0m
2026-05-08 22:01:38 | WARNING  | risk.risk_guard | All signals blocked — trading halted: Max drawdown 88.9% >= limit 15.0%
[32m2026-05-08 22:01:38 | INFO    [0m | [36mbot.orchestrator[0m | Approved signals after risk filter: 0[0m
2026-05-08 22:01:38 | INFO     | bot.orchestrator | Approved signals after risk filter: 0
[32m2026-05-08 22:01:38 | INFO    [0m | [36mbot.orchestrator[0m | Snapshot | equity=1027.12 | regime=unknown | positions=1 | upnl=-0.02 | signals_approved=0[0m
2026-05-08 22:01:38 | INFO     | bot.orchestrator | Snapshot | equity=1027.12 | regime=unknown | positions=1 | upnl=-0.02 | signals_approved=0
2026-05-08 22:02:37 | INFO     | scripts.risk_monitor | Risk | equity=1027.12 | dd=0.08% | var99=0.00% | gross_exp=8.0x | positions=1
[32m2026-05-08 22:02:38 | INFO    [0m | [36mbot.orchestrator[0m | === Cycle 16 ===[0m
2026-05-08 22:02:38 | INFO     | bot.orchestrator | === Cycle 16 ===
[32m2026-05-08 22:02:38 | INFO    [0m | [36mbot.orchestrator[0m | Market regime: unknown[0m
2026-05-08 22:02:38 | INFO     | bot.orchestrator | Market regime: unknown
[32m2026-05-08 22:02:38 | INFO    [0m | [36mbot.orchestrator[0m | Raw signals: 3[0m
2026-05-08 22:02:38 | INFO     | bot.orchestrator | Raw signals: 3
[33m2026-05-08 22:02:38 | WARNING [0m | [36mrisk.risk_guard[0m | All signals blocked — trading halted: Max drawdown 88.9% >= limit 15.0%[0m
2026-05-08 22:02:38 | WARNING  | risk.risk_guard | All signals blocked — trading halted: Max drawdown 88.9% >= limit 15.0%
[32m2026-05-08 22:02:38 | INFO    [0m | [36mbot.orchestrator[0m | Approved signals after risk filter: 0[0m
2026-05-08 22:02:38 | INFO     | bot.orchestrator | Approved signals after risk filter: 0
[32m2026-05-08 22:02:38 | INFO    [0m | [36mbot.orchestrator[0m | Snapshot | equity=1027.12 | regime=unknown | positions=1 | upnl=0.00 | signals_approved=0[0m
2026-05-08 22:02:38 | INFO     | bot.orchestrator | Snapshot | equity=1027.12 | regime=unknown | positions=1 | upnl=0.00 | signals_approved=0
2026-05-08 22:03:37 | INFO     | scripts.risk_monitor | Risk | equity=1027.12 | dd=0.08% | var99=0.00% | gross_exp=8.0x | positions=1
[32m2026-05-08 22:03:38 | INFO    [0m | [36mbot.orchestrator[0m | === Cycle 17 ===[0m
2026-05-08 22:03:38 | INFO     | bot.orchestrator | === Cycle 17 ===
[32m2026-05-08 22:03:38 | INFO    [0m | [36mbot.orchestrator[0m | Market regime: unknown[0m
2026-05-08 22:03:38 | INFO     | bot.orchestrator | Market regime: unknown
[32m2026-05-08 22:03:38 | INFO    [0m | [36mbot.orchestrator[0m | Raw signals: 3[0m
2026-05-08 22:03:38 | INFO     | bot.orchestrator | Raw signals: 3
[33m2026-05-08 22:03:38 | WARNING [0m | [36mrisk.risk_guard[0m | All signals blocked — trading halted: Max drawdown 88.9% >= limit 15.0%[0m
2026-05-08 22:03:38 | WARNING  | risk.risk_guard | All signals blocked — trading halted: Max drawdown 88.9% >= limit 15.0%
[32m2026-05-08 22:03:38 | INFO    [0m | [36mbot.orchestrator[0m | Approved signals after risk filter: 0[0m
2026-05-08 22:03:38 | INFO     | bot.orchestrator | Approved signals after risk filter: 0
[32m2026-05-08 22:03:38 | INFO    [0m | [36mbot.orchestrator[0m | Snapshot | equity=1027.12 | regime=unknown | positions=1 | upnl=-0.63 | signals_approved=0[0m
2026-05-08 22:03:38 | INFO     | bot.orchestrator | Snapshot | equity=1027.12 | regime=unknown | positions=1 | upnl=-0.63 | signals_approved=0
2026-05-08 22:04:37 | INFO     | scripts.risk_monitor | Risk | equity=1027.12 | dd=0.08% | var99=0.00% | gross_exp=8.0x | positions=1
[32m2026-05-08 22:04:38 | INFO    [0m | [36mbot.orchestrator[0m | === Cycle 18 ===[0m
2026-05-08 22:04:38 | INFO     | bot.orchestrator | === Cycle 18 ===
[32m2026-05-08 22:04:38 | INFO    [0m | [36mbot.orchestrator[0m | Market regime: unknown[0m
2026-05-08 22:04:38 | INFO     | bot.orchestrator | Market regime: unknown
[32m2026-05-08 22:04:38 | INFO    [0m | [36mbot.orchestrator[0m | Raw signals: 3[0m
2026-05-08 22:04:38 | INFO     | bot.orchestrator | Raw signals: 3
[33m2026-05-08 22:04:38 | WARNING [0m | [36mrisk.risk_guard[0m | All signals blocked — trading halted: Max drawdown 88.9% >= limit 15.0%[0m
2026-05-08 22:04:38 | WARNING  | risk.risk_guard | All signals blocked — trading halted: Max drawdown 88.9% >= limit 15.0%
[32m2026-05-08 22:04:38 | INFO    [0m | [36mbot.orchestrator[0m | Approved signals after risk filter: 0[0m
2026-05-08 22:04:38 | INFO     | bot.orchestrator | Approved signals after risk filter: 0
[32m2026-05-08 22:04:38 | INFO    [0m | [36mbot.orchestrator[0m | Snapshot | equity=1027.12 | regime=unknown | positions=1 | upnl=-0.01 | signals_approved=0[0m
2026-05-08 22:04:38 | INFO     | bot.orchestrator | Snapshot | equity=1027.12 | regime=unknown | positions=1 | upnl=-0.01 | signals_approved=0
2026-05-08 22:05:37 | INFO     | scripts.risk_monitor | Risk | equity=1027.12 | dd=0.08% | var99=0.00% | gross_exp=8.0x | positions=1
[32m2026-05-08 22:05:38 | INFO    [0m | [36mbot.orchestrator[0m | === Cycle 19 ===[0m
2026-05-08 22:05:38 | INFO     | bot.orchestrator | === Cycle 19 ===
[32m2026-05-08 22:05:38 | INFO    [0m | [36mbot.orchestrator[0m | Market regime: unknown[0m
2026-05-08 22:05:38 | INFO     | bot.orchestrator | Market regime: unknown
[32m2026-05-08 22:05:38 | INFO    [0m | [36mbot.orchestrator[0m | Raw signals: 3[0m
2026-05-08 22:05:38 | INFO     | bot.orchestrator | Raw signals: 3
[33m2026-05-08 22:05:38 | WARNING [0m | [36mrisk.risk_guard[0m | All signals blocked — trading halted: Max drawdown 88.9% >= limit 15.0%[0m
2026-05-08 22:05:38 | WARNING  | risk.risk_guard | All signals blocked — trading halted: Max drawdown 88.9% >= limit 15.0%
[32m2026-05-08 22:05:38 | INFO    [0m | [36mbot.orchestrator[0m | Approved signals after risk filter: 0[0m
2026-05-08 22:05:38 | INFO     | bot.orchestrator | Approved signals after risk filter: 0
[32m2026-05-08 22:05:38 | INFO    [0m | [36mbot.orchestrator[0m | Snapshot | equity=1027.12 | regime=unknown | positions=1 | upnl=-0.80 | signals_approved=0[0m
2026-05-08 22:05:38 | INFO     | bot.orchestrator | Snapshot | equity=1027.12 | regime=unknown | positions=1 | upnl=-0.80 | signals_approved=0
[32m2026-05-08 22:06:38 | INFO    [0m | [36mbot.orchestrator[0m | === Cycle 20 ===[0m
2026-05-08 22:06:38 | INFO     | bot.orchestrator | === Cycle 20 ===
2026-05-08 22:06:38 | INFO     | scripts.risk_monitor | Risk | equity=1027.12 | dd=0.08% | var99=0.00% | gross_exp=8.0x | positions=1
[32m2026-05-08 22:06:38 | INFO    [0m | [36mbot.orchestrator[0m | Market regime: unknown[0m
2026-05-08 22:06:38 | INFO     | bot.orchestrator | Market regime: unknown
[32m2026-05-08 22:06:38 | INFO    [0m | [36mbot.orchestrator[0m | Raw signals: 3[0m
2026-05-08 22:06:38 | INFO     | bot.orchestrator | Raw signals: 3
[33m2026-05-08 22:06:38 | WARNING [0m | [36mrisk.risk_guard[0m | All signals blocked — trading halted: Max drawdown 88.9% >= limit 15.0%[0m
2026-05-08 22:06:38 | WARNING  | risk.risk_guard | All signals blocked — trading halted: Max drawdown 88.9% >= limit 15.0%
[32m2026-05-08 22:06:38 | INFO    [0m | [36mbot.orchestrator[0m | Approved signals after risk filter: 0[0m
2026-05-08 22:06:38 | INFO     | bot.orchestrator | Approved signals after risk filter: 0
[32m2026-05-08 22:06:38 | INFO    [0m | [36mbot.orchestrator[0m | Snapshot | equity=1027.12 | regime=unknown | positions=1 | upnl=-0.63 | signals_approved=0[0m
2026-05-08 22:06:38 | INFO     | bot.orchestrator | Snapshot | equity=1027.12 | regime=unknown | positions=1 | upnl=-0.63 | signals_approved=0
[32m2026-05-08 22:07:38 | INFO    [0m | [36mbot.orchestrator[0m | === Cycle 21 ===[0m
2026-05-08 22:07:38 | INFO     | bot.orchestrator | === Cycle 21 ===
[32m2026-05-08 22:07:38 | INFO    [0m | [36mbot.orchestrator[0m | Market regime: unknown[0m
2026-05-08 22:07:38 | INFO     | bot.orchestrator | Market regime: unknown
[32m2026-05-08 22:07:38 | INFO    [0m | [36mbot.orchestrator[0m | Raw signals: 3[0m
2026-05-08 22:07:38 | INFO     | bot.orchestrator | Raw signals: 3
[33m2026-05-08 22:07:38 | WARNING [0m | [36mrisk.risk_guard[0m | All signals blocked — trading halted: Max drawdown 88.9% >= limit 15.0%[0m
2026-05-08 22:07:38 | WARNING  | risk.risk_guard | All signals blocked — trading halted: Max drawdown 88.9% >= limit 15.0%
[32m2026-05-08 22:07:38 | INFO    [0m | [36mbot.orchestrator[0m | Approved signals after risk filter: 0[0m
2026-05-08 22:07:38 | INFO     | bot.orchestrator | Approved signals after risk filter: 0
[32m2026-05-08 22:07:38 | INFO    [0m | [36mbot.orchestrator[0m | Snapshot | equity=1027.12 | regime=unknown | positions=1 | upnl=-0.82 | signals_approved=0[0m
2026-05-08 22:07:38 | INFO     | bot.orchestrator | Snapshot | equity=1027.12 | regime=unknown | positions=1 | upnl=-0.82 | signals_approved=0
2026-05-08 22:07:38 | INFO     | scripts.risk_monitor | Risk | equity=1027.12 | dd=0.08% | var99=0.00% | gross_exp=8.0x | positions=1
[32m2026-05-08 22:08:38 | INFO    [0m | [36mbot.orchestrator[0m | === Cycle 22 ===[0m
2026-05-08 22:08:38 | INFO     | bot.orchestrator | === Cycle 22 ===
[32m2026-05-08 22:08:38 | INFO    [0m | [36mbot.orchestrator[0m | Market regime: unknown[0m
2026-05-08 22:08:38 | INFO     | bot.orchestrator | Market regime: unknown
[32m2026-05-08 22:08:38 | INFO    [0m | [36mbot.orchestrator[0m | Raw signals: 3[0m
2026-05-08 22:08:38 | INFO     | bot.orchestrator | Raw signals: 3
[33m2026-05-08 22:08:38 | WARNING [0m | [36mrisk.risk_guard[0m | All signals blocked — trading halted: Max drawdown 88.9% >= limit 15.0%[0m
2026-05-08 22:08:38 | WARNING  | risk.risk_guard | All signals blocked — trading halted: Max drawdown 88.9% >= limit 15.0%
[32m2026-05-08 22:08:38 | INFO    [0m | [36mbot.orchestrator[0m | Approved signals after risk filter: 0[0m
2026-05-08 22:08:38 | INFO     | bot.orchestrator | Approved signals after risk filter: 0
[32m2026-05-08 22:08:38 | INFO    [0m | [36mbot.orchestrator[0m | Snapshot | equity=1027.12 | regime=unknown | positions=1 | upnl=-0.01 | signals_approved=0[0m
2026-05-08 22:08:38 | INFO     | bot.orchestrator | Snapshot | equity=1027.12 | regime=unknown | positions=1 | upnl=-0.01 | signals_approved=0
2026-05-08 22:08:38 | INFO     | scripts.risk_monitor | Risk | equity=1027.12 | dd=0.08% | var99=0.00% | gross_exp=8.0x | positions=1
[32m2026-05-08 22:09:38 | INFO    [0m | [36mbot.orchestrator[0m | === Cycle 23 ===[0m
2026-05-08 22:09:38 | INFO     | bot.orchestrator | === Cycle 23 ===
[32m2026-05-08 22:09:38 | INFO    [0m | [36mbot.orchestrator[0m | Market regime: unknown[0m
2026-05-08 22:09:38 | INFO     | bot.orchestrator | Market regime: unknown
[32m2026-05-08 22:09:38 | INFO    [0m | [36mbot.orchestrator[0m | Raw signals: 3[0m
2026-05-08 22:09:38 | INFO     | bot.orchestrator | Raw signals: 3
[33m2026-05-08 22:09:38 | WARNING [0m | [36mrisk.risk_guard[0m | All signals blocked — trading halted: Max drawdown 88.9% >= limit 15.0%[0m
2026-05-08 22:09:38 | WARNING  | risk.risk_guard | All signals blocked — trading halted: Max drawdown 88.9% >= limit 15.0%
[32m2026-05-08 22:09:38 | INFO    [0m | [36mbot.orchestrator[0m | Approved signals after risk filter: 0[0m
2026-05-08 22:09:38 | INFO     | bot.orchestrator | Approved signals after risk filter: 0
[32m2026-05-08 22:09:38 | INFO    [0m | [36mbot.orchestrator[0m | Snapshot | equity=1027.12 | regime=unknown | positions=1 | upnl=-0.04 | signals_approved=0[0m
2026-05-08 22:09:38 | INFO     | bot.orchestrator | Snapshot | equity=1027.12 | regime=unknown | positions=1 | upnl=-0.04 | signals_approved=0
2026-05-08 22:09:39 | INFO     | scripts.risk_monitor | Risk | equity=1027.12 | dd=0.08% | var99=0.00% | gross_exp=8.0x | positions=1
[32m2026-05-08 22:10:38 | INFO    [0m | [36mbot.orchestrator[0m | === Cycle 24 ===[0m
2026-05-08 22:10:38 | INFO     | bot.orchestrator | === Cycle 24 ===
[32m2026-05-08 22:10:38 | INFO    [0m | [36mbot.orchestrator[0m | Market regime: unknown[0m
2026-05-08 22:10:38 | INFO     | bot.orchestrator | Market regime: unknown
[32m2026-05-08 22:10:38 | INFO    [0m | [36mbot.orchestrator[0m | Raw signals: 3[0m
2026-05-08 22:10:38 | INFO     | bot.orchestrator | Raw signals: 3
[33m2026-05-08 22:10:38 | WARNING [0m | [36mrisk.risk_guard[0m | All signals blocked — trading halted: Max drawdown 88.9% >= limit 15.0%[0m
2026-05-08 22:10:38 | WARNING  | risk.risk_guard | All signals blocked — trading halted: Max drawdown 88.9% >= limit 15.0%
[32m2026-05-08 22:10:38 | INFO    [0m | [36mbot.orchestrator[0m | Approved signals after risk filter: 0[0m
2026-05-08 22:10:38 | INFO     | bot.orchestrator | Approved signals after risk filter: 0
[32m2026-05-08 22:10:38 | INFO    [0m | [36mbot.orchestrator[0m | Snapshot | equity=1027.12 | regime=unknown | positions=1 | upnl=-0.82 | signals_approved=0[0m
2026-05-08 22:10:38 | INFO     | bot.orchestrator | Snapshot | equity=1027.12 | regime=unknown | positions=1 | upnl=-0.82 | signals_approved=0
2026-05-08 22:10:39 | INFO     | scripts.risk_monitor | Risk | equity=1027.12 | dd=0.08% | var99=0.00% | gross_exp=8.0x | positions=1
[32m2026-05-08 22:11:38 | INFO    [0m | [36mbot.orchestrator[0m | === Cycle 25 ===[0m
2026-05-08 22:11:38 | INFO     | bot.orchestrator | === Cycle 25 ===
[32m2026-05-08 22:11:38 | INFO    [0m | [36mbot.orchestrator[0m | Market regime: unknown[0m
2026-05-08 22:11:38 | INFO     | bot.orchestrator | Market regime: unknown
[32m2026-05-08 22:11:38 | INFO    [0m | [36mbot.orchestrator[0m | Raw signals: 3[0m
2026-05-08 22:11:38 | INFO     | bot.orchestrator | Raw signals: 3
[33m2026-05-08 22:11:38 | WARNING [0m | [36mrisk.risk_guard[0m | All signals blocked — trading halted: Max drawdown 88.9% >= limit 15.0%[0m
2026-05-08 22:11:38 | WARNING  | risk.risk_guard | All signals blocked — trading halted: Max drawdown 88.9% >= limit 15.0%
[32m2026-05-08 22:11:38 | INFO    [0m | [36mbot.orchestrator[0m | Approved signals after risk filter: 0[0m
2026-05-08 22:11:38 | INFO     | bot.orchestrator | Approved signals after risk filter: 0
[32m2026-05-08 22:11:38 | INFO    [0m | [36mbot.orchestrator[0m | Snapshot | equity=1027.12 | regime=unknown | positions=1 | upnl=-0.61 | signals_approved=0[0m
2026-05-08 22:11:38 | INFO     | bot.orchestrator | Snapshot | equity=1027.12 | regime=unknown | positions=1 | upnl=-0.61 | signals_approved=0
2026-05-08 22:11:39 | INFO     | scripts.risk_monitor | Risk | equity=1027.12 | dd=0.08% | var99=0.00% | gross_exp=8.0x | positions=1
[32m2026-05-08 22:12:38 | INFO    [0m | [36mbot.orchestrator[0m | === Cycle 26 ===[0m
2026-05-08 22:12:38 | INFO     | bot.orchestrator | === Cycle 26 ===
[32m2026-05-08 22:12:38 | INFO    [0m | [36mbot.orchestrator[0m | Market regime: unknown[0m
2026-05-08 22:12:38 | INFO     | bot.orchestrator | Market regime: unknown
[32m2026-05-08 22:12:38 | INFO    [0m | [36mbot.orchestrator[0m | Raw signals: 3[0m
2026-05-08 22:12:38 | INFO     | bot.orchestrator | Raw signals: 3
[33m2026-05-08 22:12:38 | WARNING [0m | [36mrisk.risk_guard[0m | All signals blocked — trading halted: Max drawdown 88.9% >= limit 15.0%[0m
2026-05-08 22:12:38 | WARNING  | risk.risk_guard | All signals blocked — trading halted: Max drawdown 88.9% >= limit 15.0%
[32m2026-05-08 22:12:38 | INFO    [0m | [36mbot.orchestrator[0m | Approved signals after risk filter: 0[0m
2026-05-08 22:12:38 | INFO     | bot.orchestrator | Approved signals after risk filter: 0
[32m2026-05-08 22:12:38 | INFO    [0m | [36mbot.orchestrator[0m | Snapshot | equity=1027.12 | regime=unknown | positions=1 | upnl=-0.41 | signals_approved=0[0m
2026-05-08 22:12:38 | INFO     | bot.orchestrator | Snapshot | equity=1027.12 | regime=unknown | positions=1 | upnl=-0.41 | signals_approved=0
2026-05-08 22:12:39 | INFO     | scripts.risk_monitor | Risk | equity=1027.12 | dd=0.08% | var99=0.00% | gross_exp=8.0x | positions=1
[32m2026-05-08 22:13:38 | INFO    [0m | [36mbot.orchestrator[0m | === Cycle 27 ===[0m
2026-05-08 22:13:38 | INFO     | bot.orchestrator | === Cycle 27 ===
[32m2026-05-08 22:13:38 | INFO    [0m | [36mbot.orchestrator[0m | Market regime: unknown[0m
2026-05-08 22:13:38 | INFO     | bot.orchestrator | Market regime: unknown
[32m2026-05-08 22:13:38 | INFO    [0m | [36mbot.orchestrator[0m | Raw signals: 3[0m
2026-05-08 22:13:38 | INFO     | bot.orchestrator | Raw signals: 3
[33m2026-05-08 22:13:38 | WARNING [0m | [36mrisk.risk_guard[0m | All signals blocked — trading halted: Max drawdown 88.9% >= limit 15.0%[0m
2026-05-08 22:13:38 | WARNING  | risk.risk_guard | All signals blocked — trading halted: Max drawdown 88.9% >= limit 15.0%
[32m2026-05-08 22:13:38 | INFO    [0m | [36mbot.orchestrator[0m | Approved signals after risk filter: 0[0m
2026-05-08 22:13:38 | INFO     | bot.orchestrator | Approved signals after risk filter: 0
[32m2026-05-08 22:13:38 | INFO    [0m | [36mbot.orchestrator[0m | Snapshot | equity=1027.12 | regime=unknown | positions=1 | upnl=-0.81 | signals_approved=0[0m
2026-05-08 22:13:38 | INFO     | bot.orchestrator | Snapshot | equity=1027.12 | regime=unknown | positions=1 | upnl=-0.81 | signals_approved=0
2026-05-08 22:13:40 | INFO     | scripts.risk_monitor | Risk | equity=1027.12 | dd=0.08% | var99=0.00% | gross_exp=8.0x | positions=1
[32m2026-05-08 22:14:38 | INFO    [0m | [36mbot.orchestrator[0m | === Cycle 28 ===[0m
2026-05-08 22:14:38 | INFO     | bot.orchestrator | === Cycle 28 ===
[32m2026-05-08 22:14:38 | INFO    [0m | [36mbot.orchestrator[0m | Market regime: unknown[0m
2026-05-08 22:14:38 | INFO     | bot.orchestrator | Market regime: unknown
[32m2026-05-08 22:14:38 | INFO    [0m | [36mbot.orchestrator[0m | Raw signals: 3[0m
2026-05-08 22:14:38 | INFO     | bot.orchestrator | Raw signals: 3
[33m2026-05-08 22:14:38 | WARNING [0m | [36mrisk.risk_guard[0m | All signals blocked — trading halted: Max drawdown 88.9% >= limit 15.0%[0m
2026-05-08 22:14:38 | WARNING  | risk.risk_guard | All signals blocked — trading halted: Max drawdown 88.9% >= limit 15.0%
[32m2026-05-08 22:14:38 | INFO    [0m | [36mbot.orchestrator[0m | Approved signals after risk filter: 0[0m
2026-05-08 22:14:38 | INFO     | bot.orchestrator | Approved signals after risk filter: 0
[32m2026-05-08 22:14:38 | INFO    [0m | [36mbot.orchestrator[0m | Snapshot | equity=1027.12 | regime=unknown | positions=1 | upnl=0.00 | signals_approved=0[0m
2026-05-08 22:14:38 | INFO     | bot.orchestrator | Snapshot | equity=1027.12 | regime=unknown | positions=1 | upnl=0.00 | signals_approved=0
2026-05-08 22:14:40 | INFO     | scripts.risk_monitor | Risk | equity=1027.12 | dd=0.08% | var99=0.00% | gross_exp=8.0x | positions=1
[32m2026-05-08 22:15:38 | INFO    [0m | [36mbot.orchestrator[0m | === Cycle 29 ===[0m
2026-05-08 22:15:38 | INFO     | bot.orchestrator | === Cycle 29 ===
[32m2026-05-08 22:15:38 | INFO    [0m | [36mbot.orchestrator[0m | Market regime: unknown[0m
2026-05-08 22:15:38 | INFO     | bot.orchestrator | Market regime: unknown
[32m2026-05-08 22:15:38 | INFO    [0m | [36mbot.orchestrator[0m | Raw signals: 3[0m
2026-05-08 22:15:38 | INFO     | bot.orchestrator | Raw signals: 3
[33m2026-05-08 22:15:38 | WARNING [0m | [36mrisk.risk_guard[0m | All signals blocked — trading halted: Max drawdown 88.9% >= limit 15.0%[0m
2026-05-08 22:15:38 | WARNING  | risk.risk_guard | All signals blocked — trading halted: Max drawdown 88.9% >= limit 15.0%
[32m2026-05-08 22:15:38 | INFO    [0m | [36mbot.orchestrator[0m | Approved signals after risk filter: 0[0m
2026-05-08 22:15:38 | INFO     | bot.orchestrator | Approved signals after risk filter: 0
[32m2026-05-08 22:15:38 | INFO    [0m | [36mbot.orchestrator[0m | Snapshot | equity=1027.12 | regime=unknown | positions=1 | upnl=0.00 | signals_approved=0[0m
2026-05-08 22:15:38 | INFO     | bot.orchestrator | Snapshot | equity=1027.12 | regime=unknown | positions=1 | upnl=0.00 | signals_approved=0
2026-05-08 22:15:40 | INFO     | scripts.risk_monitor | Risk | equity=1027.12 | dd=0.08% | var99=0.00% | gross_exp=8.0x | positions=1
[32m2026-05-08 22:16:38 | INFO    [0m | [36mbot.orchestrator[0m | === Cycle 30 ===[0m
2026-05-08 22:16:38 | INFO     | bot.orchestrator | === Cycle 30 ===
[32m2026-05-08 22:16:38 | INFO    [0m | [36mbot.orchestrator[0m | Market regime: unknown[0m
2026-05-08 22:16:38 | INFO     | bot.orchestrator | Market regime: unknown
[32m2026-05-08 22:16:38 | INFO    [0m | [36mbot.orchestrator[0m | Raw signals: 3[0m
2026-05-08 22:16:38 | INFO     | bot.orchestrator | Raw signals: 3
[33m2026-05-08 22:16:38 | WARNING [0m | [36mrisk.risk_guard[0m | All signals blocked — trading halted: Max drawdown 88.9% >= limit 15.0%[0m
2026-05-08 22:16:38 | WARNING  | risk.risk_guard | All signals blocked — trading halted: Max drawdown 88.9% >= limit 15.0%
[32m2026-05-08 22:16:38 | INFO    [0m | [36mbot.orchestrator[0m | Approved signals after risk filter: 0[0m
2026-05-08 22:16:38 | INFO     | bot.orchestrator | Approved signals after risk filter: 0
[32m2026-05-08 22:16:38 | INFO    [0m | [36mbot.orchestrator[0m | Snapshot | equity=1027.12 | regime=unknown | positions=1 | upnl=0.00 | signals_approved=0[0m
2026-05-08 22:16:38 | INFO     | bot.orchestrator | Snapshot | equity=1027.12 | regime=unknown | positions=1 | upnl=0.00 | signals_approved=0
2026-05-08 22:16:40 | INFO     | scripts.risk_monitor | Risk | equity=1027.12 | dd=0.08% | var99=0.00% | gross_exp=8.0x | positions=1
[32m2026-05-08 22:17:38 | INFO    [0m | [36mbot.orchestrator[0m | === Cycle 31 ===[0m
2026-05-08 22:17:38 | INFO     | bot.orchestrator | === Cycle 31 ===
[32m2026-05-08 22:17:38 | INFO    [0m | [36mbot.orchestrator[0m | Market regime: unknown[0m
2026-05-08 22:17:38 | INFO     | bot.orchestrator | Market regime: unknown
[32m2026-05-08 22:17:38 | INFO    [0m | [36mbot.orchestrator[0m | Raw signals: 3[0m
2026-05-08 22:17:38 | INFO     | bot.orchestrator | Raw signals: 3
[33m2026-05-08 22:17:38 | WARNING [0m | [36mrisk.risk_guard[0m | All signals blocked — trading halted: Max drawdown 88.9% >= limit 15.0%[0m
2026-05-08 22:17:38 | WARNING  | risk.risk_guard | All signals blocked — trading halted: Max drawdown 88.9% >= limit 15.0%
[32m2026-05-08 22:17:38 | INFO    [0m | [36mbot.orchestrator[0m | Approved signals after risk filter: 0[0m
2026-05-08 22:17:38 | INFO     | bot.orchestrator | Approved signals after risk filter: 0
[32m2026-05-08 22:17:38 | INFO    [0m | [36mbot.orchestrator[0m | Snapshot | equity=1027.12 | regime=unknown | positions=1 | upnl=-0.41 | signals_approved=0[0m
2026-05-08 22:17:38 | INFO     | bot.orchestrator | Snapshot | equity=1027.12 | regime=unknown | positions=1 | upnl=-0.41 | signals_approved=0
2026-05-08 22:17:41 | INFO     | scripts.risk_monitor | Risk | equity=1027.12 | dd=0.08% | var99=0.00% | gross_exp=8.0x | positions=1
[32m2026-05-08 22:18:38 | INFO    [0m | [36mbot.orchestrator[0m | === Cycle 32 ===[0m
2026-05-08 22:18:38 | INFO     | bot.orchestrator | === Cycle 32 ===
[32m2026-05-08 22:18:38 | INFO    [0m | [36mbot.orchestrator[0m | Market regime: unknown[0m
2026-05-08 22:18:38 | INFO     | bot.orchestrator | Market regime: unknown
[32m2026-05-08 22:18:38 | INFO    [0m | [36mbot.orchestrator[0m | Raw signals: 3[0m
2026-05-08 22:18:38 | INFO     | bot.orchestrator | Raw signals: 3
[33m2026-05-08 22:18:38 | WARNING [0m | [36mrisk.risk_guard[0m | All signals blocked — trading halted: Max drawdown 88.9% >= limit 15.0%[0m
2026-05-08 22:18:38 | WARNING  | risk.risk_guard | All signals blocked — trading halted: Max drawdown 88.9% >= limit 15.0%
[32m2026-05-08 22:18:38 | INFO    [0m | [36mbot.orchestrator[0m | Approved signals after risk filter: 0[0m
2026-05-08 22:18:38 | INFO     | bot.orchestrator | Approved signals after risk filter: 0
[32m2026-05-08 22:18:38 | INFO    [0m | [36mbot.orchestrator[0m | Snapshot | equity=1027.12 | regime=unknown | positions=1 | upnl=0.00 | signals_approved=0[0m
2026-05-08 22:18:38 | INFO     | bot.orchestrator | Snapshot | equity=1027.12 | regime=unknown | positions=1 | upnl=0.00 | signals_approved=0
2026-05-08 22:18:41 | INFO     | scripts.risk_monitor | Risk | equity=1027.12 | dd=0.08% | var99=0.06% | gross_exp=8.0x | positions=1
[32m2026-05-08 22:19:38 | INFO    [0m | [36mbot.orchestrator[0m | === Cycle 33 ===[0m
2026-05-08 22:19:38 | INFO     | bot.orchestrator | === Cycle 33 ===
[32m2026-05-08 22:19:38 | INFO    [0m | [36mbot.orchestrator[0m | Market regime: unknown[0m
2026-05-08 22:19:38 | INFO     | bot.orchestrator | Market regime: unknown
[32m2026-05-08 22:19:38 | INFO    [0m | [36mbot.orchestrator[0m | Raw signals: 3[0m
2026-05-08 22:19:38 | INFO     | bot.orchestrator | Raw signals: 3
[33m2026-05-08 22:19:38 | WARNING [0m | [36mrisk.risk_guard[0m | All signals blocked — trading halted: Max drawdown 88.9% >= limit 15.0%[0m
2026-05-08 22:19:38 | WARNING  | risk.risk_guard | All signals blocked — trading halted: Max drawdown 88.9% >= limit 15.0%
[32m2026-05-08 22:19:38 | INFO    [0m | [36mbot.orchestrator[0m | Approved signals after risk filter: 0[0m
2026-05-08 22:19:38 | INFO     | bot.orchestrator | Approved signals after risk filter: 0
[32m2026-05-08 22:19:38 | INFO    [0m | [36mbot.orchestrator[0m | Snapshot | equity=1027.12 | regime=unknown | positions=1 | upnl=-0.54 | signals_approved=0[0m
2026-05-08 22:19:38 | INFO     | bot.orchestrator | Snapshot | equity=1027.12 | regime=unknown | positions=1 | upnl=-0.54 | signals_approved=0
2026-05-08 22:19:41 | INFO     | scripts.risk_monitor | Risk | equity=1027.12 | dd=0.08% | var99=0.06% | gross_exp=8.0x | positions=1
[32m2026-05-08 22:20:38 | INFO    [0m | [36mbot.orchestrator[0m | === Cycle 34 ===[0m
2026-05-08 22:20:38 | INFO     | bot.orchestrator | === Cycle 34 ===
[32m2026-05-08 22:20:38 | INFO    [0m | [36mbot.orchestrator[0m | Market regime: unknown[0m
2026-05-08 22:20:38 | INFO     | bot.orchestrator | Market regime: unknown
[32m2026-05-08 22:20:38 | INFO    [0m | [36mbot.orchestrator[0m | Raw signals: 3[0m
2026-05-08 22:20:38 | INFO     | bot.orchestrator | Raw signals: 3
[33m2026-05-08 22:20:38 | WARNING [0m | [36mrisk.risk_guard[0m | All signals blocked — trading halted: Max drawdown 88.9% >= limit 15.0%[0m
2026-05-08 22:20:38 | WARNING  | risk.risk_guard | All signals blocked — trading halted: Max drawdown 88.9% >= limit 15.0%
[32m2026-05-08 22:20:38 | INFO    [0m | [36mbot.orchestrator[0m | Approved signals after risk filter: 0[0m
2026-05-08 22:20:38 | INFO     | bot.orchestrator | Approved signals after risk filter: 0
[32m2026-05-08 22:20:38 | INFO    [0m | [36mbot.orchestrator[0m | Snapshot | equity=1027.12 | regime=unknown | positions=1 | upnl=-0.01 | signals_approved=0[0m
2026-05-08 22:20:38 | INFO     | bot.orchestrator | Snapshot | equity=1027.12 | regime=unknown | positions=1 | upnl=-0.01 | signals_approved=0
2026-05-08 22:20:42 | INFO     | scripts.risk_monitor | Risk | equity=1027.12 | dd=0.08% | var99=0.06% | gross_exp=8.0x | positions=1
[32m2026-05-08 22:21:38 | INFO    [0m | [36mbot.orchestrator[0m | === Cycle 35 ===[0m
2026-05-08 22:21:38 | INFO     | bot.orchestrator | === Cycle 35 ===
[32m2026-05-08 22:21:38 | INFO    [0m | [36mbot.orchestrator[0m | Market regime: unknown[0m
2026-05-08 22:21:38 | INFO     | bot.orchestrator | Market regime: unknown
[32m2026-05-08 22:21:38 | INFO    [0m | [36mbot.orchestrator[0m | Raw signals: 3[0m
2026-05-08 22:21:38 | INFO     | bot.orchestrator | Raw signals: 3
[33m2026-05-08 22:21:38 | WARNING [0m | [36mrisk.risk_guard[0m | All signals blocked — trading halted: Max drawdown 88.9% >= limit 15.0%[0m
2026-05-08 22:21:38 | WARNING  | risk.risk_guard | All signals blocked — trading halted: Max drawdown 88.9% >= limit 15.0%
[32m2026-05-08 22:21:38 | INFO    [0m | [36mbot.orchestrator[0m | Approved signals after risk filter: 0[0m
2026-05-08 22:21:38 | INFO     | bot.orchestrator | Approved signals after risk filter: 0
[32m2026-05-08 22:21:38 | INFO    [0m | [36mbot.orchestrator[0m | Snapshot | equity=1027.12 | regime=unknown | positions=1 | upnl=-0.82 | signals_approved=0[0m
2026-05-08 22:21:38 | INFO     | bot.orchestrator | Snapshot | equity=1027.12 | regime=unknown | positions=1 | upnl=-0.82 | signals_approved=0
2026-05-08 22:21:42 | INFO     | scripts.risk_monitor | Risk | equity=1027.12 | dd=0.08% | var99=0.05% | gross_exp=8.0x | positions=1
[32m2026-05-08 22:22:38 | INFO    [0m | [36mbot.orchestrator[0m | === Cycle 36 ===[0m
2026-05-08 22:22:38 | INFO     | bot.orchestrator | === Cycle 36 ===
[32m2026-05-08 22:22:38 | INFO    [0m | [36mbot.orchestrator[0m | Market regime: unknown[0m
2026-05-08 22:22:38 | INFO     | bot.orchestrator | Market regime: unknown
[32m2026-05-08 22:22:38 | INFO    [0m | [36mbot.orchestrator[0m | Raw signals: 3[0m
2026-05-08 22:22:38 | INFO     | bot.orchestrator | Raw signals: 3
[33m2026-05-08 22:22:38 | WARNING [0m | [36mrisk.risk_guard[0m | All signals blocked — trading halted: Max drawdown 88.9% >= limit 15.0%[0m
2026-05-08 22:22:38 | WARNING  | risk.risk_guard | All signals blocked — trading halted: Max drawdown 88.9% >= limit 15.0%
[32m2026-05-08 22:22:38 | INFO    [0m | [36mbot.orchestrator[0m | Approved signals after risk filter: 0[0m
2026-05-08 22:22:38 | INFO     | bot.orchestrator | Approved signals after risk filter: 0
[32m2026-05-08 22:22:38 | INFO    [0m | [36mbot.orchestrator[0m | Snapshot | equity=1027.12 | regime=unknown | positions=1 | upnl=0.00 | signals_approved=0[0m
2026-05-08 22:22:38 | INFO     | bot.orchestrator | Snapshot | equity=1027.12 | regime=unknown | positions=1 | upnl=0.00 | signals_approved=0
2026-05-08 22:22:42 | INFO     | scripts.risk_monitor | Risk | equity=1027.12 | dd=0.08% | var99=0.05% | gross_exp=8.0x | positions=1
[32m2026-05-08 22:23:38 | INFO    [0m | [36mbot.orchestrator[0m | === Cycle 37 ===[0m
2026-05-08 22:23:38 | INFO     | bot.orchestrator | === Cycle 37 ===
[32m2026-05-08 22:23:38 | INFO    [0m | [36mbot.orchestrator[0m | Market regime: unknown[0m
2026-05-08 22:23:38 | INFO     | bot.orchestrator | Market regime: unknown
[32m2026-05-08 22:23:38 | INFO    [0m | [36mbot.orchestrator[0m | Raw signals: 3[0m
2026-05-08 22:23:38 | INFO     | bot.orchestrator | Raw signals: 3
[33m2026-05-08 22:23:38 | WARNING [0m | [36mrisk.risk_guard[0m | All signals blocked — trading halted: Max drawdown 88.9% >= limit 15.0%[0m
2026-05-08 22:23:38 | WARNING  | risk.risk_guard | All signals blocked — trading halted: Max drawdown 88.9% >= limit 15.0%
[32m2026-05-08 22:23:38 | INFO    [0m | [36mbot.orchestrator[0m | Approved signals after risk filter: 0[0m
2026-05-08 22:23:38 | INFO     | bot.orchestrator | Approved signals after risk filter: 0
[32m2026-05-08 22:23:38 | INFO    [0m | [36mbot.orchestrator[0m | Snapshot | equity=1027.12 | regime=unknown | positions=1 | upnl=-0.01 | signals_approved=0[0m
2026-05-08 22:23:38 | INFO     | bot.orchestrator | Snapshot | equity=1027.12 | regime=unknown | positions=1 | upnl=-0.01 | signals_approved=0
2026-05-08 22:23:42 | INFO     | scripts.risk_monitor | Risk | equity=1027.12 | dd=0.08% | var99=0.05% | gross_exp=8.0x | positions=1
[32m2026-05-08 22:24:38 | INFO    [0m | [36mbot.orchestrator[0m | === Cycle 38 ===[0m
2026-05-08 22:24:38 | INFO     | bot.orchestrator | === Cycle 38 ===
[32m2026-05-08 22:24:38 | INFO    [0m | [36mbot.orchestrator[0m | Market regime: unknown[0m
2026-05-08 22:24:38 | INFO     | bot.orchestrator | Market regime: unknown
[32m2026-05-08 22:24:38 | INFO    [0m | [36mbot.orchestrator[0m | Raw signals: 3[0m
2026-05-08 22:24:38 | INFO     | bot.orchestrator | Raw signals: 3
[33m2026-05-08 22:24:38 | WARNING [0m | [36mrisk.risk_guard[0m | All signals blocked — trading halted: Max drawdown 88.9% >= limit 15.0%[0m
2026-05-08 22:24:38 | WARNING  | risk.risk_guard | All signals blocked — trading halted: Max drawdown 88.9% >= limit 15.0%
[32m2026-05-08 22:24:38 | INFO    [0m | [36mbot.orchestrator[0m | Approved signals after risk filter: 0[0m
2026-05-08 22:24:38 | INFO     | bot.orchestrator | Approved signals after risk filter: 0
[32m2026-05-08 22:24:38 | INFO    [0m | [36mbot.orchestrator[0m | Snapshot | equity=1027.12 | regime=unknown | positions=1 | upnl=-0.82 | signals_approved=0[0m
2026-05-08 22:24:38 | INFO     | bot.orchestrator | Snapshot | equity=1027.12 | regime=unknown | positions=1 | upnl=-0.82 | signals_approved=0
2026-05-08 22:24:43 | INFO     | scripts.risk_monitor | Risk | equity=1027.12 | dd=0.08% | var99=0.05% | gross_exp=8.0x | positions=1
[32m2026-05-08 22:25:38 | INFO    [0m | [36mbot.orchestrator[0m | === Cycle 39 ===[0m
2026-05-08 22:25:38 | INFO     | bot.orchestrator | === Cycle 39 ===
[32m2026-05-08 22:25:38 | INFO    [0m | [36mbot.orchestrator[0m | Market regime: unknown[0m
2026-05-08 22:25:38 | INFO     | bot.orchestrator | Market regime: unknown
[32m2026-05-08 22:25:38 | INFO    [0m | [36mbot.orchestrator[0m | Raw signals: 3[0m
2026-05-08 22:25:38 | INFO     | bot.orchestrator | Raw signals: 3
[33m2026-05-08 22:25:38 | WARNING [0m | [36mrisk.risk_guard[0m | All signals blocked — trading halted: Max drawdown 88.9% >= limit 15.0%[0m
2026-05-08 22:25:38 | WARNING  | risk.risk_guard | All signals blocked — trading halted: Max drawdown 88.9% >= limit 15.0%
[32m2026-05-08 22:25:38 | INFO    [0m | [36mbot.orchestrator[0m | Approved signals after risk filter: 0[0m
2026-05-08 22:25:38 | INFO     | bot.orchestrator | Approved signals after risk filter: 0
[32m2026-05-08 22:25:38 | INFO    [0m | [36mbot.orchestrator[0m | Snapshot | equity=1027.12 | regime=unknown | positions=1 | upnl=0.00 | signals_approved=0[0m
2026-05-08 22:25:38 | INFO     | bot.orchestrator | Snapshot | equity=1027.12 | regime=unknown | positions=1 | upnl=0.00 | signals_approved=0
2026-05-08 22:25:43 | INFO     | scripts.risk_monitor | Risk | equity=1027.12 | dd=0.08% | var99=0.05% | gross_exp=8.0x | positions=1
[32m2026-05-08 22:26:38 | INFO    [0m | [36mbot.orchestrator[0m | === Cycle 40 ===[0m
2026-05-08 22:26:38 | INFO     | bot.orchestrator | === Cycle 40 ===
[32m2026-05-08 22:26:38 | INFO    [0m | [36mbot.orchestrator[0m | Market regime: unknown[0m
2026-05-08 22:26:38 | INFO     | bot.orchestrator | Market regime: unknown
[32m2026-05-08 22:26:38 | INFO    [0m | [36mbot.orchestrator[0m | Raw signals: 3[0m
2026-05-08 22:26:38 | INFO     | bot.orchestrator | Raw signals: 3
[33m2026-05-08 22:26:38 | WARNING [0m | [36mrisk.risk_guard[0m | All signals blocked — trading halted: Max drawdown 88.9% >= limit 15.0%[0m
2026-05-08 22:26:38 | WARNING  | risk.risk_guard | All signals blocked — trading halted: Max drawdown 88.9% >= limit 15.0%
[32m2026-05-08 22:26:38 | INFO    [0m | [36mbot.orchestrator[0m | Approved signals after risk filter: 0[0m
2026-05-08 22:26:38 | INFO     | bot.orchestrator | Approved signals after risk filter: 0
[32m2026-05-08 22:26:38 | INFO    [0m | [36mbot.orchestrator[0m | Snapshot | equity=1027.12 | regime=unknown | positions=1 | upnl=-0.71 | signals_approved=0[0m
2026-05-08 22:26:38 | INFO     | bot.orchestrator | Snapshot | equity=1027.12 | regime=unknown | positions=1 | upnl=-0.71 | signals_approved=0
2026-05-08 22:26:43 | INFO     | scripts.risk_monitor | Risk | equity=1027.12 | dd=0.08% | var99=0.05% | gross_exp=8.0x | positions=1
[32m2026-05-08 22:27:38 | INFO    [0m | [36mbot.orchestrator[0m | === Cycle 41 ===[0m
2026-05-08 22:27:38 | INFO     | bot.orchestrator | === Cycle 41 ===
[32m2026-05-08 22:27:38 | INFO    [0m | [36mbot.orchestrator[0m | Market regime: unknown[0m
2026-05-08 22:27:38 | INFO     | bot.orchestrator | Market regime: unknown
[32m2026-05-08 22:27:38 | INFO    [0m | [36mbot.orchestrator[0m | Raw signals: 3[0m
2026-05-08 22:27:38 | INFO     | bot.orchestrator | Raw signals: 3
[33m2026-05-08 22:27:38 | WARNING [0m | [36mrisk.risk_guard[0m | All signals blocked — trading halted: Max drawdown 88.9% >= limit 15.0%[0m
2026-05-08 22:27:38 | WARNING  | risk.risk_guard | All signals blocked — trading halted: Max drawdown 88.9% >= limit 15.0%
[32m2026-05-08 22:27:38 | INFO    [0m | [36mbot.orchestrator[0m | Approved signals after risk filter: 0[0m
2026-05-08 22:27:38 | INFO     | bot.orchestrator | Approved signals after risk filter: 0
[32m2026-05-08 22:27:38 | INFO    [0m | [36mbot.orchestrator[0m | Snapshot | equity=1027.12 | regime=unknown | positions=1 | upnl=-0.02 | signals_approved=0[0m
2026-05-08 22:27:38 | INFO     | bot.orchestrator | Snapshot | equity=1027.12 | regime=unknown | positions=1 | upnl=-0.02 | signals_approved=0
2026-05-08 22:27:44 | INFO     | scripts.risk_monitor | Risk | equity=1027.12 | dd=0.08% | var99=0.05% | gross_exp=8.0x | positions=1
[32m2026-05-08 22:28:38 | INFO    [0m | [36mbot.orchestrator[0m | === Cycle 42 ===[0m
2026-05-08 22:28:38 | INFO     | bot.orchestrator | === Cycle 42 ===
[32m2026-05-08 22:28:38 | INFO    [0m | [36mbot.orchestrator[0m | Market regime: unknown[0m
2026-05-08 22:28:38 | INFO     | bot.orchestrator | Market regime: unknown
[32m2026-05-08 22:28:38 | INFO    [0m | [36mbot.orchestrator[0m | Raw signals: 3[0m
2026-05-08 22:28:38 | INFO     | bot.orchestrator | Raw signals: 3
[33m2026-05-08 22:28:38 | WARNING [0m | [36mrisk.risk_guard[0m | All signals blocked — trading halted: Max drawdown 88.9% >= limit 15.0%[0m
2026-05-08 22:28:38 | WARNING  | risk.risk_guard | All signals blocked — trading halted: Max drawdown 88.9% >= limit 15.0%
[32m2026-05-08 22:28:38 | INFO    [0m | [36mbot.orchestrator[0m | Approved signals after risk filter: 0[0m
2026-05-08 22:28:38 | INFO     | bot.orchestrator | Approved signals after risk filter: 0
[32m2026-05-08 22:28:38 | INFO    [0m | [36mbot.orchestrator[0m | Snapshot | equity=1027.12 | regime=unknown | positions=1 | upnl=-0.01 | signals_approved=0[0m
2026-05-08 22:28:38 | INFO     | bot.orchestrator | Snapshot | equity=1027.12 | regime=unknown | positions=1 | upnl=-0.01 | signals_approved=0
2026-05-08 22:28:44 | INFO     | scripts.risk_monitor | Risk | equity=1027.12 | dd=0.08% | var99=0.05% | gross_exp=8.0x | positions=1
[32m2026-05-08 22:29:38 | INFO    [0m | [36mbot.orchestrator[0m | === Cycle 43 ===[0m
2026-05-08 22:29:38 | INFO     | bot.orchestrator | === Cycle 43 ===
[32m2026-05-08 22:29:38 | INFO    [0m | [36mbot.orchestrator[0m | Market regime: unknown[0m
2026-05-08 22:29:38 | INFO     | bot.orchestrator | Market regime: unknown
[32m2026-05-08 22:29:38 | INFO    [0m | [36mbot.orchestrator[0m | Raw signals: 3[0m
2026-05-08 22:29:38 | INFO     | bot.orchestrator | Raw signals: 3
[33m2026-05-08 22:29:38 | WARNING [0m | [36mrisk.risk_guard[0m | All signals blocked — trading halted: Max drawdown 88.9% >= limit 15.0%[0m
2026-05-08 22:29:38 | WARNING  | risk.risk_guard | All signals blocked — trading halted: Max drawdown 88.9% >= limit 15.0%
[32m2026-05-08 22:29:38 | INFO    [0m | [36mbot.orchestrator[0m | Approved signals after risk filter: 0[0m
2026-05-08 22:29:38 | INFO     | bot.orchestrator | Approved signals after risk filter: 0
[32m2026-05-08 22:29:38 | INFO    [0m | [36mbot.orchestrator[0m | Snapshot | equity=1027.12 | regime=unknown | positions=1 | upnl=0.00 | signals_approved=0[0m
2026-05-08 22:29:38 | INFO     | bot.orchestrator | Snapshot | equity=1027.12 | regime=unknown | positions=1 | upnl=0.00 | signals_approved=0
2026-05-08 22:29:44 | INFO     | scripts.risk_monitor | Risk | equity=1027.12 | dd=0.08% | var99=0.05% | gross_exp=8.0x | positions=1
[32m2026-05-08 22:30:38 | INFO    [0m | [36mbot.orchestrator[0m | === Cycle 44 ===[0m
2026-05-08 22:30:38 | INFO     | bot.orchestrator | === Cycle 44 ===
[32m2026-05-08 22:30:38 | INFO    [0m | [36mbot.orchestrator[0m | Market regime: unknown[0m
2026-05-08 22:30:38 | INFO     | bot.orchestrator | Market regime: unknown
[32m2026-05-08 22:30:38 | INFO    [0m | [36mbot.orchestrator[0m | Raw signals: 3[0m
2026-05-08 22:30:38 | INFO     | bot.orchestrator | Raw signals: 3
[33m2026-05-08 22:30:38 | WARNING [0m | [36mrisk.risk_guard[0m | All signals blocked — trading halted: Max drawdown 88.9% >= limit 15.0%[0m
2026-05-08 22:30:38 | WARNING  | risk.risk_guard | All signals blocked — trading halted: Max drawdown 88.9% >= limit 15.0%
[32m2026-05-08 22:30:38 | INFO    [0m | [36mbot.orchestrator[0m | Approved signals after risk filter: 0[0m
2026-05-08 22:30:38 | INFO     | bot.orchestrator | Approved signals after risk filter: 0
[32m2026-05-08 22:30:38 | INFO    [0m | [36mbot.orchestrator[0m | Snapshot | equity=1027.12 | regime=unknown | positions=1 | upnl=0.00 | signals_approved=0[0m
2026-05-08 22:30:38 | INFO     | bot.orchestrator | Snapshot | equity=1027.12 | regime=unknown | positions=1 | upnl=0.00 | signals_approved=0
2026-05-08 22:30:44 | INFO     | scripts.risk_monitor | Risk | equity=1027.12 | dd=0.08% | var99=0.05% | gross_exp=8.0x | positions=1
[32m2026-05-08 22:31:38 | INFO    [0m | [36mbot.orchestrator[0m | === Cycle 45 ===[0m
2026-05-08 22:31:38 | INFO     | bot.orchestrator | === Cycle 45 ===
[32m2026-05-08 22:31:38 | INFO    [0m | [36mbot.orchestrator[0m | Market regime: unknown[0m
2026-05-08 22:31:38 | INFO     | bot.orchestrator | Market regime: unknown
[32m2026-05-08 22:31:38 | INFO    [0m | [36mbot.orchestrator[0m | Raw signals: 3[0m
2026-05-08 22:31:38 | INFO     | bot.orchestrator | Raw signals: 3
[33m2026-05-08 22:31:38 | WARNING [0m | [36mrisk.risk_guard[0m | All signals blocked — trading halted: Max drawdown 88.9% >= limit 15.0%[0m
2026-05-08 22:31:38 | WARNING  | risk.risk_guard | All signals blocked — trading halted: Max drawdown 88.9% >= limit 15.0%
[32m2026-05-08 22:31:38 | INFO    [0m | [36mbot.orchestrator[0m | Approved signals after risk filter: 0[0m
2026-05-08 22:31:38 | INFO     | bot.orchestrator | Approved signals after risk filter: 0
[32m2026-05-08 22:31:38 | INFO    [0m | [36mbot.orchestrator[0m | Snapshot | equity=1027.12 | regime=unknown | positions=1 | upnl=0.00 | signals_approved=0[0m
2026-05-08 22:31:38 | INFO     | bot.orchestrator | Snapshot | equity=1027.12 | regime=unknown | positions=1 | upnl=0.00 | signals_approved=0
2026-05-08 22:31:45 | INFO     | scripts.risk_monitor | Risk | equity=1027.12 | dd=0.08% | var99=0.05% | gross_exp=8.0x | positions=1
[32m2026-05-08 22:32:38 | INFO    [0m | [36mbot.orchestrator[0m | === Cycle 46 ===[0m
2026-05-08 22:32:38 | INFO     | bot.orchestrator | === Cycle 46 ===
[32m2026-05-08 22:32:38 | INFO    [0m | [36mbot.orchestrator[0m | Market regime: unknown[0m
2026-05-08 22:32:38 | INFO     | bot.orchestrator | Market regime: unknown
[32m2026-05-08 22:32:38 | INFO    [0m | [36mbot.orchestrator[0m | Raw signals: 3[0m
2026-05-08 22:32:38 | INFO     | bot.orchestrator | Raw signals: 3
[33m2026-05-08 22:32:38 | WARNING [0m | [36mrisk.risk_guard[0m | All signals blocked — trading halted: Max drawdown 88.9% >= limit 15.0%[0m
2026-05-08 22:32:38 | WARNING  | risk.risk_guard | All signals blocked — trading halted: Max drawdown 88.9% >= limit 15.0%
[32m2026-05-08 22:32:38 | INFO    [0m | [36mbot.orchestrator[0m | Approved signals after risk filter: 0[0m
2026-05-08 22:32:38 | INFO     | bot.orchestrator | Approved signals after risk filter: 0
[32m2026-05-08 22:32:38 | INFO    [0m | [36mbot.orchestrator[0m | Snapshot | equity=1027.12 | regime=unknown | positions=1 | upnl=0.00 | signals_approved=0[0m
2026-05-08 22:32:38 | INFO     | bot.orchestrator | Snapshot | equity=1027.12 | regime=unknown | positions=1 | upnl=0.00 | signals_approved=0
2026-05-08 22:32:45 | INFO     | scripts.risk_monitor | Risk | equity=1027.12 | dd=0.08% | var99=0.05% | gross_exp=8.0x | positions=1
[32m2026-05-08 22:33:38 | INFO    [0m | [36mbot.orchestrator[0m | === Cycle 47 ===[0m
2026-05-08 22:33:38 | INFO     | bot.orchestrator | === Cycle 47 ===
[32m2026-05-08 22:33:38 | INFO    [0m | [36mbot.orchestrator[0m | Market regime: unknown[0m
2026-05-08 22:33:38 | INFO     | bot.orchestrator | Market regime: unknown
[32m2026-05-08 22:33:38 | INFO    [0m | [36mbot.orchestrator[0m | Raw signals: 3[0m
2026-05-08 22:33:38 | INFO     | bot.orchestrator | Raw signals: 3
[33m2026-05-08 22:33:38 | WARNING [0m | [36mrisk.risk_guard[0m | All signals blocked — trading halted: Max drawdown 88.9% >= limit 15.0%[0m
2026-05-08 22:33:38 | WARNING  | risk.risk_guard | All signals blocked — trading halted: Max drawdown 88.9% >= limit 15.0%
[32m2026-05-08 22:33:38 | INFO    [0m | [36mbot.orchestrator[0m | Approved signals after risk filter: 0[0m
2026-05-08 22:33:38 | INFO     | bot.orchestrator | Approved signals after risk filter: 0
[32m2026-05-08 22:33:38 | INFO    [0m | [36mbot.orchestrator[0m | Snapshot | equity=1027.12 | regime=unknown | positions=1 | upnl=0.00 | signals_approved=0[0m
2026-05-08 22:33:38 | INFO     | bot.orchestrator | Snapshot | equity=1027.12 | regime=unknown | positions=1 | upnl=0.00 | signals_approved=0
2026-05-08 22:33:45 | INFO     | scripts.risk_monitor | Risk | equity=1027.12 | dd=0.08% | var99=0.04% | gross_exp=8.0x | positions=1
[32m2026-05-08 22:34:38 | INFO    [0m | [36mbot.orchestrator[0m | === Cycle 48 ===[0m
2026-05-08 22:34:38 | INFO     | bot.orchestrator | === Cycle 48 ===
[32m2026-05-08 22:34:38 | INFO    [0m | [36mbot.orchestrator[0m | Market regime: unknown[0m
2026-05-08 22:34:38 | INFO     | bot.orchestrator | Market regime: unknown
[32m2026-05-08 22:34:38 | INFO    [0m | [36mbot.orchestrator[0m | Raw signals: 3[0m
2026-05-08 22:34:38 | INFO     | bot.orchestrator | Raw signals: 3
[33m2026-05-08 22:34:38 | WARNING [0m | [36mrisk.risk_guard[0m | All signals blocked — trading halted: Max drawdown 88.9% >= limit 15.0%[0m
2026-05-08 22:34:38 | WARNING  | risk.risk_guard | All signals blocked — trading halted: Max drawdown 88.9% >= limit 15.0%
[32m2026-05-08 22:34:38 | INFO    [0m | [36mbot.orchestrator[0m | Approved signals after risk filter: 0[0m
2026-05-08 22:34:38 | INFO     | bot.orchestrator | Approved signals after risk filter: 0
[32m2026-05-08 22:34:38 | INFO    [0m | [36mbot.orchestrator[0m | Snapshot | equity=1027.12 | regime=unknown | positions=1 | upnl=0.00 | signals_approved=0[0m
2026-05-08 22:34:38 | INFO     | bot.orchestrator | Snapshot | equity=1027.12 | regime=unknown | positions=1 | upnl=0.00 | signals_approved=0
2026-05-08 22:34:45 | INFO     | scripts.risk_monitor | Risk | equity=1027.12 | dd=0.08% | var99=0.04% | gross_exp=8.0x | positions=1
[32m2026-05-08 22:35:38 | INFO    [0m | [36mbot.orchestrator[0m | === Cycle 49 ===[0m
2026-05-08 22:35:38 | INFO     | bot.orchestrator | === Cycle 49 ===
[32m2026-05-08 22:35:38 | INFO    [0m | [36mbot.orchestrator[0m | Market regime: unknown[0m
2026-05-08 22:35:38 | INFO     | bot.orchestrator | Market regime: unknown
[32m2026-05-08 22:35:38 | INFO    [0m | [36mbot.orchestrator[0m | Raw signals: 3[0m
2026-05-08 22:35:38 | INFO     | bot.orchestrator | Raw signals: 3
[33m2026-05-08 22:35:38 | WARNING [0m | [36mrisk.risk_guard[0m | All signals blocked — trading halted: Max drawdown 88.9% >= limit 15.0%[0m
2026-05-08 22:35:38 | WARNING  | risk.risk_guard | All signals blocked — trading halted: Max drawdown 88.9% >= limit 15.0%
[32m2026-05-08 22:35:38 | INFO    [0m | [36mbot.orchestrator[0m | Approved signals after risk filter: 0[0m
2026-05-08 22:35:38 | INFO     | bot.orchestrator | Approved signals after risk filter: 0
[32m2026-05-08 22:35:38 | INFO    [0m | [36mbot.orchestrator[0m | Snapshot | equity=1027.12 | regime=unknown | positions=1 | upnl=0.00 | signals_approved=0[0m
2026-05-08 22:35:38 | INFO     | bot.orchestrator | Snapshot | equity=1027.12 | regime=unknown | positions=1 | upnl=0.00 | signals_approved=0
2026-05-08 22:35:46 | INFO     | scripts.risk_monitor | Risk | equity=1027.12 | dd=0.08% | var99=0.04% | gross_exp=8.0x | positions=1
[32m2026-05-08 22:36:38 | INFO    [0m | [36mbot.orchestrator[0m | === Cycle 50 ===[0m
2026-05-08 22:36:38 | INFO     | bot.orchestrator | === Cycle 50 ===
[32m2026-05-08 22:36:38 | INFO    [0m | [36mbot.orchestrator[0m | Market regime: unknown[0m
2026-05-08 22:36:38 | INFO     | bot.orchestrator | Market regime: unknown
[32m2026-05-08 22:36:38 | INFO    [0m | [36mbot.orchestrator[0m | Raw signals: 3[0m
2026-05-08 22:36:38 | INFO     | bot.orchestrator | Raw signals: 3
[33m2026-05-08 22:36:38 | WARNING [0m | [36mrisk.risk_guard[0m | All signals blocked — trading halted: Max drawdown 88.9% >= limit 15.0%[0m
2026-05-08 22:36:38 | WARNING  | risk.risk_guard | All signals blocked — trading halted: Max drawdown 88.9% >= limit 15.0%
[32m2026-05-08 22:36:38 | INFO    [0m | [36mbot.orchestrator[0m | Approved signals after risk filter: 0[0m
2026-05-08 22:36:38 | INFO     | bot.orchestrator | Approved signals after risk filter: 0
[32m2026-05-08 22:36:38 | INFO    [0m | [36mbot.orchestrator[0m | Snapshot | equity=1027.12 | regime=unknown | positions=1 | upnl=0.00 | signals_approved=0[0m
2026-05-08 22:36:38 | INFO     | bot.orchestrator | Snapshot | equity=1027.12 | regime=unknown | positions=1 | upnl=0.00 | signals_approved=0
2026-05-08 22:36:46 | INFO     | scripts.risk_monitor | Risk | equity=1027.12 | dd=0.08% | var99=0.04% | gross_exp=8.0x | positions=1
[32m2026-05-08 22:37:38 | INFO    [0m | [36mbot.orchestrator[0m | === Cycle 51 ===[0m
2026-05-08 22:37:38 | INFO     | bot.orchestrator | === Cycle 51 ===
[32m2026-05-08 22:37:38 | INFO    [0m | [36mbot.orchestrator[0m | Market regime: unknown[0m
2026-05-08 22:37:38 | INFO     | bot.orchestrator | Market regime: unknown
[32m2026-05-08 22:37:38 | INFO    [0m | [36mbot.orchestrator[0m | Raw signals: 3[0m
2026-05-08 22:37:38 | INFO     | bot.orchestrator | Raw signals: 3
[33m2026-05-08 22:37:38 | WARNING [0m | [36mrisk.risk_guard[0m | All signals blocked — trading halted: Max drawdown 88.9% >= limit 15.0%[0m
2026-05-08 22:37:38 | WARNING  | risk.risk_guard | All signals blocked — trading halted: Max drawdown 88.9% >= limit 15.0%
[32m2026-05-08 22:37:38 | INFO    [0m | [36mbot.orchestrator[0m | Approved signals after risk filter: 0[0m
2026-05-08 22:37:38 | INFO     | bot.orchestrator | Approved signals after risk filter: 0
[32m2026-05-08 22:37:38 | INFO    [0m | [36mbot.orchestrator[0m | Snapshot | equity=1027.12 | regime=unknown | positions=1 | upnl=0.00 | signals_approved=0[0m
2026-05-08 22:37:38 | INFO     | bot.orchestrator | Snapshot | equity=1027.12 | regime=unknown | positions=1 | upnl=0.00 | signals_approved=0
2026-05-08 22:37:46 | INFO     | scripts.risk_monitor | Risk | equity=1027.12 | dd=0.08% | var99=0.04% | gross_exp=8.0x | positions=1
[32m2026-05-08 22:38:38 | INFO    [0m | [36mbot.orchestrator[0m | === Cycle 52 ===[0m
2026-05-08 22:38:38 | INFO     | bot.orchestrator | === Cycle 52 ===
[32m2026-05-08 22:38:38 | INFO    [0m | [36mbot.orchestrator[0m | Market regime: unknown[0m
2026-05-08 22:38:38 | INFO     | bot.orchestrator | Market regime: unknown
[32m2026-05-08 22:38:38 | INFO    [0m | [36mbot.orchestrator[0m | Raw signals: 3[0m
2026-05-08 22:38:38 | INFO     | bot.orchestrator | Raw signals: 3
[33m2026-05-08 22:38:38 | WARNING [0m | [36mrisk.risk_guard[0m | All signals blocked — trading halted: Max drawdown 88.9% >= limit 15.0%[0m
2026-05-08 22:38:38 | WARNING  | risk.risk_guard | All signals blocked — trading halted: Max drawdown 88.9% >= limit 15.0%
[32m2026-05-08 22:38:38 | INFO    [0m | [36mbot.orchestrator[0m | Approved signals after risk filter: 0[0m
2026-05-08 22:38:38 | INFO     | bot.orchestrator | Approved signals after risk filter: 0
[32m2026-05-08 22:38:38 | INFO    [0m | [36mbot.orchestrator[0m | Snapshot | equity=1027.12 | regime=unknown | positions=1 | upnl=0.00 | signals_approved=0[0m
2026-05-08 22:38:38 | INFO     | bot.orchestrator | Snapshot | equity=1027.12 | regime=unknown | positions=1 | upnl=0.00 | signals_approved=0
2026-05-08 22:38:47 | INFO     | scripts.risk_monitor | Risk | equity=1027.12 | dd=0.08% | var99=0.04% | gross_exp=8.0x | positions=1
[32m2026-05-08 22:39:38 | INFO    [0m | [36mbot.orchestrator[0m | === Cycle 53 ===[0m
2026-05-08 22:39:38 | INFO     | bot.orchestrator | === Cycle 53 ===
[32m2026-05-08 22:39:38 | INFO    [0m | [36mbot.orchestrator[0m | Market regime: unknown[0m
2026-05-08 22:39:38 | INFO     | bot.orchestrator | Market regime: unknown
[32m2026-05-08 22:39:38 | INFO    [0m | [36mbot.orchestrator[0m | Raw signals: 3[0m
2026-05-08 22:39:38 | INFO     | bot.orchestrator | Raw signals: 3
[33m2026-05-08 22:39:38 | WARNING [0m | [36mrisk.risk_guard[0m | All signals blocked — trading halted: Max drawdown 88.9% >= limit 15.0%[0m
2026-05-08 22:39:38 | WARNING  | risk.risk_guard | All signals blocked — trading halted: Max drawdown 88.9% >= limit 15.0%
[32m2026-05-08 22:39:38 | INFO    [0m | [36mbot.orchestrator[0m | Approved signals after risk filter: 0[0m
2026-05-08 22:39:38 | INFO     | bot.orchestrator | Approved signals after risk filter: 0
[32m2026-05-08 22:39:38 | INFO    [0m | [36mbot.orchestrator[0m | Snapshot | equity=1027.12 | regime=unknown | positions=1 | upnl=0.00 | signals_approved=0[0m
2026-05-08 22:39:38 | INFO     | bot.orchestrator | Snapshot | equity=1027.12 | regime=unknown | positions=1 | upnl=0.00 | signals_approved=0
2026-05-08 22:39:47 | INFO     | scripts.risk_monitor | Risk | equity=1027.12 | dd=0.08% | var99=0.04% | gross_exp=8.0x | positions=1
[32m2026-05-08 22:40:38 | INFO    [0m | [36mbot.orchestrator[0m | === Cycle 54 ===[0m
2026-05-08 22:40:38 | INFO     | bot.orchestrator | === Cycle 54 ===
[32m2026-05-08 22:40:38 | INFO    [0m | [36mbot.orchestrator[0m | Market regime: unknown[0m
2026-05-08 22:40:38 | INFO     | bot.orchestrator | Market regime: unknown
[32m2026-05-08 22:40:38 | INFO    [0m | [36mbot.orchestrator[0m | Raw signals: 3[0m
2026-05-08 22:40:38 | INFO     | bot.orchestrator | Raw signals: 3
[33m2026-05-08 22:40:38 | WARNING [0m | [36mrisk.risk_guard[0m | All signals blocked — trading halted: Max drawdown 88.9% >= limit 15.0%[0m
2026-05-08 22:40:38 | WARNING  | risk.risk_guard | All signals blocked — trading halted: Max drawdown 88.9% >= limit 15.0%
[32m2026-05-08 22:40:38 | INFO    [0m | [36mbot.orchestrator[0m | Approved signals after risk filter: 0[0m
2026-05-08 22:40:38 | INFO     | bot.orchestrator | Approved signals after risk filter: 0
[32m2026-05-08 22:40:38 | INFO    [0m | [36mbot.orchestrator[0m | Snapshot | equity=1027.12 | regime=unknown | positions=1 | upnl=0.00 | signals_approved=0[0m
2026-05-08 22:40:38 | INFO     | bot.orchestrator | Snapshot | equity=1027.12 | regime=unknown | positions=1 | upnl=0.00 | signals_approved=0
2026-05-08 22:40:47 | INFO     | scripts.risk_monitor | Risk | equity=1027.12 | dd=0.08% | var99=0.04% | gross_exp=8.0x | positions=1
[32m2026-05-08 22:41:38 | INFO    [0m | [36mbot.orchestrator[0m | === Cycle 55 ===[0m
2026-05-08 22:41:38 | INFO     | bot.orchestrator | === Cycle 55 ===
[32m2026-05-08 22:41:38 | INFO    [0m | [36mbot.orchestrator[0m | Market regime: unknown[0m
2026-05-08 22:41:38 | INFO     | bot.orchestrator | Market regime: unknown
[32m2026-05-08 22:41:38 | INFO    [0m | [36mbot.orchestrator[0m | Raw signals: 3[0m
2026-05-08 22:41:38 | INFO     | bot.orchestrator | Raw signals: 3
[33m2026-05-08 22:41:38 | WARNING [0m | [36mrisk.risk_guard[0m | All signals blocked — trading halted: Max drawdown 88.9% >= limit 15.0%[0m
2026-05-08 22:41:38 | WARNING  | risk.risk_guard | All signals blocked — trading halted: Max drawdown 88.9% >= limit 15.0%
[32m2026-05-08 22:41:38 | INFO    [0m | [36mbot.orchestrator[0m | Approved signals after risk filter: 0[0m
2026-05-08 22:41:38 | INFO     | bot.orchestrator | Approved signals after risk filter: 0
[32m2026-05-08 22:41:38 | INFO    [0m | [36mbot.orchestrator[0m | Snapshot | equity=1027.12 | regime=unknown | positions=1 | upnl=0.00 | signals_approved=0[0m
2026-05-08 22:41:38 | INFO     | bot.orchestrator | Snapshot | equity=1027.12 | regime=unknown | positions=1 | upnl=0.00 | signals_approved=0
2026-05-08 22:41:47 | INFO     | scripts.risk_monitor | Risk | equity=1027.12 | dd=0.08% | var99=0.04% | gross_exp=8.0x | positions=1
[32m2026-05-08 22:42:38 | INFO    [0m | [36mbot.orchestrator[0m | === Cycle 56 ===[0m
2026-05-08 22:42:38 | INFO     | bot.orchestrator | === Cycle 56 ===
[32m2026-05-08 22:42:38 | INFO    [0m | [36mbot.orchestrator[0m | Market regime: unknown[0m
2026-05-08 22:42:38 | INFO     | bot.orchestrator | Market regime: unknown
[32m2026-05-08 22:42:38 | INFO    [0m | [36mbot.orchestrator[0m | Raw signals: 3[0m
2026-05-08 22:42:38 | INFO     | bot.orchestrator | Raw signals: 3
[33m2026-05-08 22:42:38 | WARNING [0m | [36mrisk.risk_guard[0m | All signals blocked — trading halted: Max drawdown 88.9% >= limit 15.0%[0m
2026-05-08 22:42:38 | WARNING  | risk.risk_guard | All signals blocked — trading halted: Max drawdown 88.9% >= limit 15.0%
[32m2026-05-08 22:42:38 | INFO    [0m | [36mbot.orchestrator[0m | Approved signals after risk filter: 0[0m
2026-05-08 22:42:38 | INFO     | bot.orchestrator | Approved signals after risk filter: 0
[32m2026-05-08 22:42:38 | INFO    [0m | [36mbot.orchestrator[0m | Snapshot | equity=1027.12 | regime=unknown | positions=1 | upnl=0.00 | signals_approved=0[0m
2026-05-08 22:42:38 | INFO     | bot.orchestrator | Snapshot | equity=1027.12 | regime=unknown | positions=1 | upnl=0.00 | signals_approved=0
2026-05-08 22:42:48 | INFO     | scripts.risk_monitor | Risk | equity=1027.12 | dd=0.08% | var99=0.04% | gross_exp=8.0x | positions=1
[32m2026-05-08 22:43:38 | INFO    [0m | [36mbot.orchestrator[0m | === Cycle 57 ===[0m
2026-05-08 22:43:38 | INFO     | bot.orchestrator | === Cycle 57 ===
[32m2026-05-08 22:43:38 | INFO    [0m | [36mbot.orchestrator[0m | Market regime: unknown[0m
2026-05-08 22:43:38 | INFO     | bot.orchestrator | Market regime: unknown
[32m2026-05-08 22:43:38 | INFO    [0m | [36mbot.orchestrator[0m | Raw signals: 3[0m
2026-05-08 22:43:38 | INFO     | bot.orchestrator | Raw signals: 3
[33m2026-05-08 22:43:38 | WARNING [0m | [36mrisk.risk_guard[0m | All signals blocked — trading halted: Max drawdown 88.9% >= limit 15.0%[0m
2026-05-08 22:43:38 | WARNING  | risk.risk_guard | All signals blocked — trading halted: Max drawdown 88.9% >= limit 15.0%
[32m2026-05-08 22:43:38 | INFO    [0m | [36mbot.orchestrator[0m | Approved signals after risk filter: 0[0m
2026-05-08 22:43:38 | INFO     | bot.orchestrator | Approved signals after risk filter: 0
[32m2026-05-08 22:43:38 | INFO    [0m | [36mbot.orchestrator[0m | Snapshot | equity=1027.12 | regime=unknown | positions=1 | upnl=0.00 | signals_approved=0[0m
2026-05-08 22:43:38 | INFO     | bot.orchestrator | Snapshot | equity=1027.12 | regime=unknown | positions=1 | upnl=0.00 | signals_approved=0
2026-05-08 22:43:48 | INFO     | scripts.risk_monitor | Risk | equity=1027.12 | dd=0.08% | var99=0.04% | gross_exp=8.0x | positions=1
[32m2026-05-08 22:44:38 | INFO    [0m | [36mbot.orchestrator[0m | === Cycle 58 ===[0m
2026-05-08 22:44:38 | INFO     | bot.orchestrator | === Cycle 58 ===
[32m2026-05-08 22:44:38 | INFO    [0m | [36mbot.orchestrator[0m | Market regime: unknown[0m
2026-05-08 22:44:38 | INFO     | bot.orchestrator | Market regime: unknown
[32m2026-05-08 22:44:38 | INFO    [0m | [36mbot.orchestrator[0m | Raw signals: 3[0m
2026-05-08 22:44:38 | INFO     | bot.orchestrator | Raw signals: 3
[33m2026-05-08 22:44:38 | WARNING [0m | [36mrisk.risk_guard[0m | All signals blocked — trading halted: Max drawdown 88.9% >= limit 15.0%[0m
2026-05-08 22:44:38 | WARNING  | risk.risk_guard | All signals blocked — trading halted: Max drawdown 88.9% >= limit 15.0%
[32m2026-05-08 22:44:38 | INFO    [0m | [36mbot.orchestrator[0m | Approved signals after risk filter: 0[0m
2026-05-08 22:44:38 | INFO     | bot.orchestrator | Approved signals after risk filter: 0
[32m2026-05-08 22:44:38 | INFO    [0m | [36mbot.orchestrator[0m | Snapshot | equity=1027.12 | regime=unknown | positions=1 | upnl=0.00 | signals_approved=0[0m
2026-05-08 22:44:38 | INFO     | bot.orchestrator | Snapshot | equity=1027.12 | regime=unknown | positions=1 | upnl=0.00 | signals_approved=0
2026-05-08 22:44:48 | INFO     | scripts.risk_monitor | Risk | equity=1027.12 | dd=0.08% | var99=0.04% | gross_exp=8.0x | positions=1
[32m2026-05-08 22:45:38 | INFO    [0m | [36mbot.orchestrator[0m | === Cycle 59 ===[0m
2026-05-08 22:45:38 | INFO     | bot.orchestrator | === Cycle 59 ===
[32m2026-05-08 22:45:38 | INFO    [0m | [36mbot.orchestrator[0m | Market regime: unknown[0m
2026-05-08 22:45:38 | INFO     | bot.orchestrator | Market regime: unknown
[32m2026-05-08 22:45:38 | INFO    [0m | [36mbot.orchestrator[0m | Raw signals: 3[0m
2026-05-08 22:45:38 | INFO     | bot.orchestrator | Raw signals: 3
[33m2026-05-08 22:45:38 | WARNING [0m | [36mrisk.risk_guard[0m | All signals blocked — trading halted: Max drawdown 88.9% >= limit 15.0%[0m
2026-05-08 22:45:38 | WARNING  | risk.risk_guard | All signals blocked — trading halted: Max drawdown 88.9% >= limit 15.0%
[32m2026-05-08 22:45:38 | INFO    [0m | [36mbot.orchestrator[0m | Approved signals after risk filter: 0[0m
2026-05-08 22:45:38 | INFO     | bot.orchestrator | Approved signals after risk filter: 0
[32m2026-05-08 22:45:38 | INFO    [0m | [36mbot.orchestrator[0m | Snapshot | equity=1027.12 | regime=unknown | positions=1 | upnl=0.00 | signals_approved=0[0m
2026-05-08 22:45:38 | INFO     | bot.orchestrator | Snapshot | equity=1027.12 | regime=unknown | positions=1 | upnl=0.00 | signals_approved=0
2026-05-08 22:45:49 | INFO     | scripts.risk_monitor | Risk | equity=1027.12 | dd=0.08% | var99=0.04% | gross_exp=8.0x | positions=1
[32m2026-05-08 22:46:38 | INFO    [0m | [36mbot.orchestrator[0m | === Cycle 60 ===[0m
2026-05-08 22:46:38 | INFO     | bot.orchestrator | === Cycle 60 ===
[32m2026-05-08 22:46:38 | INFO    [0m | [36mbot.orchestrator[0m | Market regime: unknown[0m
2026-05-08 22:46:38 | INFO     | bot.orchestrator | Market regime: unknown
[32m2026-05-08 22:46:38 | INFO    [0m | [36mbot.orchestrator[0m | Raw signals: 3[0m
2026-05-08 22:46:38 | INFO     | bot.orchestrator | Raw signals: 3
[33m2026-05-08 22:46:38 | WARNING [0m | [36mrisk.risk_guard[0m | All signals blocked — trading halted: Max drawdown 88.9% >= limit 15.0%[0m
2026-05-08 22:46:38 | WARNING  | risk.risk_guard | All signals blocked — trading halted: Max drawdown 88.9% >= limit 15.0%
[32m2026-05-08 22:46:38 | INFO    [0m | [36mbot.orchestrator[0m | Approved signals after risk filter: 0[0m
2026-05-08 22:46:38 | INFO     | bot.orchestrator | Approved signals after risk filter: 0
[32m2026-05-08 22:46:38 | INFO    [0m | [36mbot.orchestrator[0m | Snapshot | equity=1027.12 | regime=unknown | positions=1 | upnl=0.00 | signals_approved=0[0m
2026-05-08 22:46:38 | INFO     | bot.orchestrator | Snapshot | equity=1027.12 | regime=unknown | positions=1 | upnl=0.00 | signals_approved=0
2026-05-08 22:46:49 | INFO     | scripts.risk_monitor | Risk | equity=1027.12 | dd=0.08% | var99=0.03% | gross_exp=8.0x | positions=1
[32m2026-05-08 22:47:38 | INFO    [0m | [36mbot.orchestrator[0m | === Cycle 61 ===[0m
2026-05-08 22:47:38 | INFO     | bot.orchestrator | === Cycle 61 ===
[32m2026-05-08 22:47:38 | INFO    [0m | [36mbot.orchestrator[0m | Market regime: unknown[0m
2026-05-08 22:47:38 | INFO     | bot.orchestrator | Market regime: unknown
[32m2026-05-08 22:47:38 | INFO    [0m | [36mbot.orchestrator[0m | Raw signals: 3[0m
2026-05-08 22:47:38 | INFO     | bot.orchestrator | Raw signals: 3
[33m2026-05-08 22:47:38 | WARNING [0m | [36mrisk.risk_guard[0m | All signals blocked — trading halted: Max drawdown 88.9% >= limit 15.0%[0m
2026-05-08 22:47:38 | WARNING  | risk.risk_guard | All signals blocked — trading halted: Max drawdown 88.9% >= limit 15.0%
[32m2026-05-08 22:47:38 | INFO    [0m | [36mbot.orchestrator[0m | Approved signals after risk filter: 0[0m
2026-05-08 22:47:38 | INFO     | bot.orchestrator | Approved signals after risk filter: 0
[32m2026-05-08 22:47:38 | INFO    [0m | [36mbot.orchestrator[0m | Snapshot | equity=1027.12 | regime=unknown | positions=1 | upnl=0.00 | signals_approved=0[0m
2026-05-08 22:47:38 | INFO     | bot.orchestrator | Snapshot | equity=1027.12 | regime=unknown | positions=1 | upnl=0.00 | signals_approved=0
2026-05-08 22:47:49 | INFO     | scripts.risk_monitor | Risk | equity=1027.12 | dd=0.08% | var99=0.03% | gross_exp=8.0x | positions=1
[32m2026-05-08 22:48:38 | INFO    [0m | [36mbot.orchestrator[0m | === Cycle 62 ===[0m
2026-05-08 22:48:38 | INFO     | bot.orchestrator | === Cycle 62 ===
[32m2026-05-08 22:48:38 | INFO    [0m | [36mbot.orchestrator[0m | Market regime: unknown[0m
2026-05-08 22:48:38 | INFO     | bot.orchestrator | Market regime: unknown
[32m2026-05-08 22:48:38 | INFO    [0m | [36mbot.orchestrator[0m | Raw signals: 3[0m
2026-05-08 22:48:38 | INFO     | bot.orchestrator | Raw signals: 3
[33m2026-05-08 22:48:38 | WARNING [0m | [36mrisk.risk_guard[0m | All signals blocked — trading halted: Max drawdown 88.9% >= limit 15.0%[0m
2026-05-08 22:48:38 | WARNING  | risk.risk_guard | All signals blocked — trading halted: Max drawdown 88.9% >= limit 15.0%
[32m2026-05-08 22:48:38 | INFO    [0m | [36mbot.orchestrator[0m | Approved signals after risk filter: 0[0m
2026-05-08 22:48:38 | INFO     | bot.orchestrator | Approved signals after risk filter: 0
[32m2026-05-08 22:48:38 | INFO    [0m | [36mbot.orchestrator[0m | Snapshot | equity=1027.12 | regime=unknown | positions=1 | upnl=0.00 | signals_approved=0[0m
2026-05-08 22:48:38 | INFO     | bot.orchestrator | Snapshot | equity=1027.12 | regime=unknown | positions=1 | upnl=0.00 | signals_approved=0
2026-05-08 22:48:50 | INFO     | scripts.risk_monitor | Risk | equity=1027.12 | dd=0.08% | var99=0.03% | gross_exp=8.0x | positions=1
[32m2026-05-08 22:49:38 | INFO    [0m | [36mbot.orchestrator[0m | === Cycle 63 ===[0m
2026-05-08 22:49:38 | INFO     | bot.orchestrator | === Cycle 63 ===
[32m2026-05-08 22:49:38 | INFO    [0m | [36mbot.orchestrator[0m | Market regime: unknown[0m
2026-05-08 22:49:38 | INFO     | bot.orchestrator | Market regime: unknown
[32m2026-05-08 22:49:38 | INFO    [0m | [36mbot.orchestrator[0m | Raw signals: 3[0m
2026-05-08 22:49:38 | INFO     | bot.orchestrator | Raw signals: 3
[33m2026-05-08 22:49:38 | WARNING [0m | [36mrisk.risk_guard[0m | All signals blocked — trading halted: Max drawdown 88.9% >= limit 15.0%[0m
2026-05-08 22:49:38 | WARNING  | risk.risk_guard | All signals blocked — trading halted: Max drawdown 88.9% >= limit 15.0%
[32m2026-05-08 22:49:38 | INFO    [0m | [36mbot.orchestrator[0m | Approved signals after risk filter: 0[0m
2026-05-08 22:49:38 | INFO     | bot.orchestrator | Approved signals after risk filter: 0
[32m2026-05-08 22:49:38 | INFO    [0m | [36mbot.orchestrator[0m | Snapshot | equity=1027.12 | regime=unknown | positions=1 | upnl=0.00 | signals_approved=0[0m
2026-05-08 22:49:38 | INFO     | bot.orchestrator | Snapshot | equity=1027.12 | regime=unknown | positions=1 | upnl=0.00 | signals_approved=0
2026-05-08 22:49:50 | INFO     | scripts.risk_monitor | Risk | equity=1027.12 | dd=0.08% | var99=0.03% | gross_exp=8.0x | positions=1
[32m2026-05-08 22:50:38 | INFO    [0m | [36mbot.orchestrator[0m | === Cycle 64 ===[0m
2026-05-08 22:50:38 | INFO     | bot.orchestrator | === Cycle 64 ===
[32m2026-05-08 22:50:38 | INFO    [0m | [36mbot.orchestrator[0m | Market regime: unknown[0m
2026-05-08 22:50:38 | INFO     | bot.orchestrator | Market regime: unknown
[32m2026-05-08 22:50:38 | INFO    [0m | [36mbot.orchestrator[0m | Raw signals: 3[0m
2026-05-08 22:50:38 | INFO     | bot.orchestrator | Raw signals: 3
[33m2026-05-08 22:50:38 | WARNING [0m | [36mrisk.risk_guard[0m | All signals blocked — trading halted: Max drawdown 88.9% >= limit 15.0%[0m
2026-05-08 22:50:38 | WARNING  | risk.risk_guard | All signals blocked — trading halted: Max drawdown 88.9% >= limit 15.0%
[32m2026-05-08 22:50:38 | INFO    [0m | [36mbot.orchestrator[0m | Approved signals after risk filter: 0[0m
2026-05-08 22:50:38 | INFO     | bot.orchestrator | Approved signals after risk filter: 0
[32m2026-05-08 22:50:38 | INFO    [0m | [36mbot.orchestrator[0m | Snapshot | equity=1027.12 | regime=unknown | positions=1 | upnl=0.00 | signals_approved=0[0m
2026-05-08 22:50:38 | INFO     | bot.orchestrator | Snapshot | equity=1027.12 | regime=unknown | positions=1 | upnl=0.00 | signals_approved=0
2026-05-08 22:50:50 | INFO     | scripts.risk_monitor | Risk | equity=1027.12 | dd=0.08% | var99=0.03% | gross_exp=8.0x | positions=1
[32m2026-05-08 22:51:38 | INFO    [0m | [36mbot.orchestrator[0m | === Cycle 65 ===[0m
2026-05-08 22:51:38 | INFO     | bot.orchestrator | === Cycle 65 ===
[32m2026-05-08 22:51:38 | INFO    [0m | [36mbot.orchestrator[0m | Market regime: unknown[0m
2026-05-08 22:51:38 | INFO     | bot.orchestrator | Market regime: unknown
[32m2026-05-08 22:51:38 | INFO    [0m | [36mbot.orchestrator[0m | Raw signals: 3[0m
2026-05-08 22:51:38 | INFO     | bot.orchestrator | Raw signals: 3
[33m2026-05-08 22:51:38 | WARNING [0m | [36mrisk.risk_guard[0m | All signals blocked — trading halted: Max drawdown 88.9% >= limit 15.0%[0m
2026-05-08 22:51:38 | WARNING  | risk.risk_guard | All signals blocked — trading halted: Max drawdown 88.9% >= limit 15.0%
[32m2026-05-08 22:51:38 | INFO    [0m | [36mbot.orchestrator[0m | Approved signals after risk filter: 0[0m
2026-05-08 22:51:38 | INFO     | bot.orchestrator | Approved signals after risk filter: 0
[32m2026-05-08 22:51:38 | INFO    [0m | [36mbot.orchestrator[0m | Snapshot | equity=1027.12 | regime=unknown | positions=1 | upnl=0.00 | signals_approved=0[0m
2026-05-08 22:51:38 | INFO     | bot.orchestrator | Snapshot | equity=1027.12 | regime=unknown | positions=1 | upnl=0.00 | signals_approved=0
2026-05-08 22:51:50 | INFO     | scripts.risk_monitor | Risk | equity=1027.12 | dd=0.08% | var99=0.03% | gross_exp=8.0x | positions=1
[32m2026-05-08 22:52:38 | INFO    [0m | [36mbot.orchestrator[0m | === Cycle 66 ===[0m
2026-05-08 22:52:38 | INFO     | bot.orchestrator | === Cycle 66 ===
[32m2026-05-08 22:52:38 | INFO    [0m | [36mbot.orchestrator[0m | Market regime: unknown[0m
2026-05-08 22:52:38 | INFO     | bot.orchestrator | Market regime: unknown
[32m2026-05-08 22:52:38 | INFO    [0m | [36mbot.orchestrator[0m | Raw signals: 3[0m
2026-05-08 22:52:38 | INFO     | bot.orchestrator | Raw signals: 3
[33m2026-05-08 22:52:38 | WARNING [0m | [36mrisk.risk_guard[0m | All signals blocked — trading halted: Max drawdown 88.9% >= limit 15.0%[0m
2026-05-08 22:52:38 | WARNING  | risk.risk_guard | All signals blocked — trading halted: Max drawdown 88.9% >= limit 15.0%
[32m2026-05-08 22:52:38 | INFO    [0m | [36mbot.orchestrator[0m | Approved signals after risk filter: 0[0m
2026-05-08 22:52:38 | INFO     | bot.orchestrator | Approved signals after risk filter: 0
[32m2026-05-08 22:52:38 | INFO    [0m | [36mbot.orchestrator[0m | Snapshot | equity=1027.12 | regime=unknown | positions=1 | upnl=0.00 | signals_approved=0[0m
2026-05-08 22:52:38 | INFO     | bot.orchestrator | Snapshot | equity=1027.12 | regime=unknown | positions=1 | upnl=0.00 | signals_approved=0
2026-05-08 22:52:51 | INFO     | scripts.risk_monitor | Risk | equity=1027.12 | dd=0.08% | var99=0.03% | gross_exp=8.0x | positions=1
[32m2026-05-08 22:53:38 | INFO    [0m | [36mbot.orchestrator[0m | === Cycle 67 ===[0m
2026-05-08 22:53:38 | INFO     | bot.orchestrator | === Cycle 67 ===
[32m2026-05-08 22:53:38 | INFO    [0m | [36mbot.orchestrator[0m | Market regime: unknown[0m
2026-05-08 22:53:38 | INFO     | bot.orchestrator | Market regime: unknown
[32m2026-05-08 22:53:38 | INFO    [0m | [36mbot.orchestrator[0m | Raw signals: 3[0m
2026-05-08 22:53:38 | INFO     | bot.orchestrator | Raw signals: 3
[33m2026-05-08 22:53:38 | WARNING [0m | [36mrisk.risk_guard[0m | All signals blocked — trading halted: Max drawdown 88.9% >= limit 15.0%[0m
2026-05-08 22:53:38 | WARNING  | risk.risk_guard | All signals blocked — trading halted: Max drawdown 88.9% >= limit 15.0%
[32m2026-05-08 22:53:38 | INFO    [0m | [36mbot.orchestrator[0m | Approved signals after risk filter: 0[0m
2026-05-08 22:53:38 | INFO     | bot.orchestrator | Approved signals after risk filter: 0
[32m2026-05-08 22:53:38 | INFO    [0m | [36mbot.orchestrator[0m | Snapshot | equity=1027.12 | regime=unknown | positions=1 | upnl=0.00 | signals_approved=0[0m
2026-05-08 22:53:38 | INFO     | bot.orchestrator | Snapshot | equity=1027.12 | regime=unknown | positions=1 | upnl=0.00 | signals_approved=0
2026-05-08 22:53:51 | INFO     | scripts.risk_monitor | Risk | equity=1027.12 | dd=0.08% | var99=0.03% | gross_exp=8.0x | positions=1
[32m2026-05-08 22:54:38 | INFO    [0m | [36mbot.orchestrator[0m | === Cycle 68 ===[0m
2026-05-08 22:54:38 | INFO     | bot.orchestrator | === Cycle 68 ===
[32m2026-05-08 22:54:38 | INFO    [0m | [36mbot.orchestrator[0m | Market regime: unknown[0m
2026-05-08 22:54:38 | INFO     | bot.orchestrator | Market regime: unknown
[32m2026-05-08 22:54:38 | INFO    [0m | [36mbot.orchestrator[0m | Raw signals: 3[0m
2026-05-08 22:54:38 | INFO     | bot.orchestrator | Raw signals: 3
[33m2026-05-08 22:54:38 | WARNING [0m | [36mrisk.risk_guard[0m | All signals blocked — trading halted: Max drawdown 88.9% >= limit 15.0%[0m
2026-05-08 22:54:38 | WARNING  | risk.risk_guard | All signals blocked — trading halted: Max drawdown 88.9% >= limit 15.0%
[32m2026-05-08 22:54:38 | INFO    [0m | [36mbot.orchestrator[0m | Approved signals after risk filter: 0[0m
2026-05-08 22:54:38 | INFO     | bot.orchestrator | Approved signals after risk filter: 0
[32m2026-05-08 22:54:38 | INFO    [0m | [36mbot.orchestrator[0m | Snapshot | equity=1027.12 | regime=unknown | positions=1 | upnl=0.00 | signals_approved=0[0m
2026-05-08 22:54:38 | INFO     | bot.orchestrator | Snapshot | equity=1027.12 | regime=unknown | positions=1 | upnl=0.00 | signals_approved=0
2026-05-08 22:54:51 | INFO     | scripts.risk_monitor | Risk | equity=1027.12 | dd=0.08% | var99=0.03% | gross_exp=8.0x | positions=1
[32m2026-05-08 22:55:38 | INFO    [0m | [36mbot.orchestrator[0m | === Cycle 69 ===[0m
2026-05-08 22:55:38 | INFO     | bot.orchestrator | === Cycle 69 ===
[32m2026-05-08 22:55:38 | INFO    [0m | [36mbot.orchestrator[0m | Market regime: unknown[0m
2026-05-08 22:55:38 | INFO     | bot.orchestrator | Market regime: unknown
[32m2026-05-08 22:55:38 | INFO    [0m | [36mbot.orchestrator[0m | Raw signals: 3[0m
2026-05-08 22:55:38 | INFO     | bot.orchestrator | Raw signals: 3
[33m2026-05-08 22:55:38 | WARNING [0m | [36mrisk.risk_guard[0m | All signals blocked — trading halted: Max drawdown 88.9% >= limit 15.0%[0m
2026-05-08 22:55:38 | WARNING  | risk.risk_guard | All signals blocked — trading halted: Max drawdown 88.9% >= limit 15.0%
[32m2026-05-08 22:55:38 | INFO    [0m | [36mbot.orchestrator[0m | Approved signals after risk filter: 0[0m
2026-05-08 22:55:38 | INFO     | bot.orchestrator | Approved signals after risk filter: 0
[32m2026-05-08 22:55:38 | INFO    [0m | [36mbot.orchestrator[0m | Snapshot | equity=1027.12 | regime=unknown | positions=1 | upnl=0.00 | signals_approved=0[0m
2026-05-08 22:55:38 | INFO     | bot.orchestrator | Snapshot | equity=1027.12 | regime=unknown | positions=1 | upnl=0.00 | signals_approved=0
2026-05-08 22:55:52 | INFO     | scripts.risk_monitor | Risk | equity=1027.12 | dd=0.08% | var99=0.03% | gross_exp=8.0x | positions=1
[32m2026-05-08 22:56:38 | INFO    [0m | [36mbot.orchestrator[0m | === Cycle 70 ===[0m
2026-05-08 22:56:38 | INFO     | bot.orchestrator | === Cycle 70 ===
[32m2026-05-08 22:56:38 | INFO    [0m | [36mbot.orchestrator[0m | Market regime: unknown[0m
2026-05-08 22:56:38 | INFO     | bot.orchestrator | Market regime: unknown
[32m2026-05-08 22:56:38 | INFO    [0m | [36mbot.orchestrator[0m | Raw signals: 3[0m
2026-05-08 22:56:38 | INFO     | bot.orchestrator | Raw signals: 3
[33m2026-05-08 22:56:38 | WARNING [0m | [36mrisk.risk_guard[0m | All signals blocked — trading halted: Max drawdown 88.9% >= limit 15.0%[0m
2026-05-08 22:56:38 | WARNING  | risk.risk_guard | All signals blocked — trading halted: Max drawdown 88.9% >= limit 15.0%
[32m2026-05-08 22:56:38 | INFO    [0m | [36mbot.orchestrator[0m | Approved signals after risk filter: 0[0m
2026-05-08 22:56:38 | INFO     | bot.orchestrator | Approved signals after risk filter: 0
[32m2026-05-08 22:56:38 | INFO    [0m | [36mbot.orchestrator[0m | Snapshot | equity=1027.12 | regime=unknown | positions=1 | upnl=0.00 | signals_approved=0[0m
2026-05-08 22:56:38 | INFO     | bot.orchestrator | Snapshot | equity=1027.12 | regime=unknown | positions=1 | upnl=0.00 | signals_approved=0
2026-05-08 22:56:52 | INFO     | scripts.risk_monitor | Risk | equity=1027.12 | dd=0.08% | var99=0.03% | gross_exp=8.0x | positions=1
[32m2026-05-08 22:57:38 | INFO    [0m | [36mbot.orchestrator[0m | === Cycle 71 ===[0m
2026-05-08 22:57:38 | INFO     | bot.orchestrator | === Cycle 71 ===
[32m2026-05-08 22:57:38 | INFO    [0m | [36mbot.orchestrator[0m | Market regime: unknown[0m
2026-05-08 22:57:38 | INFO     | bot.orchestrator | Market regime: unknown
[32m2026-05-08 22:57:38 | INFO    [0m | [36mbot.orchestrator[0m | Raw signals: 3[0m
2026-05-08 22:57:38 | INFO     | bot.orchestrator | Raw signals: 3
[33m2026-05-08 22:57:38 | WARNING [0m | [36mrisk.risk_guard[0m | All signals blocked — trading halted: Max drawdown 88.9% >= limit 15.0%[0m
2026-05-08 22:57:38 | WARNING  | risk.risk_guard | All signals blocked — trading halted: Max drawdown 88.9% >= limit 15.0%
[32m2026-05-08 22:57:38 | INFO    [0m | [36mbot.orchestrator[0m | Approved signals after risk filter: 0[0m
2026-05-08 22:57:38 | INFO     | bot.orchestrator | Approved signals after risk filter: 0
[32m2026-05-08 22:57:38 | INFO    [0m | [36mbot.orchestrator[0m | Snapshot | equity=1027.12 | regime=unknown | positions=1 | upnl=0.00 | signals_approved=0[0m
2026-05-08 22:57:38 | INFO     | bot.orchestrator | Snapshot | equity=1027.12 | regime=unknown | positions=1 | upnl=0.00 | signals_approved=0
2026-05-08 22:57:52 | INFO     | scripts.risk_monitor | Risk | equity=1027.12 | dd=0.08% | var99=0.03% | gross_exp=8.0x | positions=1
[32m2026-05-08 22:58:38 | INFO    [0m | [36mbot.orchestrator[0m | === Cycle 72 ===[0m
2026-05-08 22:58:38 | INFO     | bot.orchestrator | === Cycle 72 ===
[32m2026-05-08 22:58:38 | INFO    [0m | [36mbot.orchestrator[0m | Market regime: unknown[0m
2026-05-08 22:58:38 | INFO     | bot.orchestrator | Market regime: unknown
[32m2026-05-08 22:58:38 | INFO    [0m | [36mbot.orchestrator[0m | Raw signals: 3[0m
2026-05-08 22:58:38 | INFO     | bot.orchestrator | Raw signals: 3
[33m2026-05-08 22:58:38 | WARNING [0m | [36mrisk.risk_guard[0m | All signals blocked — trading halted: Max drawdown 88.9% >= limit 15.0%[0m
2026-05-08 22:58:38 | WARNING  | risk.risk_guard | All signals blocked — trading halted: Max drawdown 88.9% >= limit 15.0%
[32m2026-05-08 22:58:38 | INFO    [0m | [36mbot.orchestrator[0m | Approved signals after risk filter: 0[0m
2026-05-08 22:58:38 | INFO     | bot.orchestrator | Approved signals after risk filter: 0
[32m2026-05-08 22:58:38 | INFO    [0m | [36mbot.orchestrator[0m | Snapshot | equity=1027.12 | regime=unknown | positions=1 | upnl=0.00 | signals_approved=0[0m
2026-05-08 22:58:38 | INFO     | bot.orchestrator | Snapshot | equity=1027.12 | regime=unknown | positions=1 | upnl=0.00 | signals_approved=0
2026-05-08 22:58:52 | INFO     | scripts.risk_monitor | Risk | equity=1027.12 | dd=0.08% | var99=0.02% | gross_exp=8.0x | positions=1
[32m2026-05-08 22:59:38 | INFO    [0m | [36mbot.orchestrator[0m | === Cycle 73 ===[0m
2026-05-08 22:59:38 | INFO     | bot.orchestrator | === Cycle 73 ===
[32m2026-05-08 22:59:38 | INFO    [0m | [36mbot.orchestrator[0m | Market regime: unknown[0m
2026-05-08 22:59:38 | INFO     | bot.orchestrator | Market regime: unknown
[32m2026-05-08 22:59:38 | INFO    [0m | [36mbot.orchestrator[0m | Raw signals: 3[0m
2026-05-08 22:59:38 | INFO     | bot.orchestrator | Raw signals: 3
[33m2026-05-08 22:59:38 | WARNING [0m | [36mrisk.risk_guard[0m | All signals blocked — trading halted: Max drawdown 88.9% >= limit 15.0%[0m
2026-05-08 22:59:38 | WARNING  | risk.risk_guard | All signals blocked — trading halted: Max drawdown 88.9% >= limit 15.0%
[32m2026-05-08 22:59:38 | INFO    [0m | [36mbot.orchestrator[0m | Approved signals after risk filter: 0[0m
2026-05-08 22:59:38 | INFO     | bot.orchestrator | Approved signals after risk filter: 0
[32m2026-05-08 22:59:38 | INFO    [0m | [36mbot.orchestrator[0m | Snapshot | equity=1027.12 | regime=unknown | positions=1 | upnl=0.00 | signals_approved=0[0m
2026-05-08 22:59:38 | INFO     | bot.orchestrator | Snapshot | equity=1027.12 | regime=unknown | positions=1 | upnl=0.00 | signals_approved=0
2026-05-08 22:59:53 | INFO     | scripts.risk_monitor | Risk | equity=1027.12 | dd=0.08% | var99=0.02% | gross_exp=8.0x | positions=1
[32m2026-05-08 23:00:38 | INFO    [0m | [36mbot.orchestrator[0m | === Cycle 74 ===[0m
2026-05-08 23:00:38 | INFO     | bot.orchestrator | === Cycle 74 ===
[32m2026-05-08 23:00:38 | INFO    [0m | [36mbot.orchestrator[0m | Market regime: unknown[0m
2026-05-08 23:00:38 | INFO     | bot.orchestrator | Market regime: unknown
[32m2026-05-08 23:00:38 | INFO    [0m | [36mbot.orchestrator[0m | Raw signals: 3[0m
2026-05-08 23:00:38 | INFO     | bot.orchestrator | Raw signals: 3
[33m2026-05-08 23:00:38 | WARNING [0m | [36mrisk.risk_guard[0m | All signals blocked — trading halted: Max drawdown 88.9% >= limit 15.0%[0m
2026-05-08 23:00:38 | WARNING  | risk.risk_guard | All signals blocked — trading halted: Max drawdown 88.9% >= limit 15.0%
[32m2026-05-08 23:00:38 | INFO    [0m | [36mbot.orchestrator[0m | Approved signals after risk filter: 0[0m
2026-05-08 23:00:38 | INFO     | bot.orchestrator | Approved signals after risk filter: 0
[32m2026-05-08 23:00:38 | INFO    [0m | [36mbot.orchestrator[0m | Snapshot | equity=1027.12 | regime=unknown | positions=1 | upnl=0.00 | signals_approved=0[0m
2026-05-08 23:00:38 | INFO     | bot.orchestrator | Snapshot | equity=1027.12 | regime=unknown | positions=1 | upnl=0.00 | signals_approved=0
2026-05-08 23:00:53 | INFO     | scripts.risk_monitor | Risk | equity=1027.12 | dd=0.08% | var99=0.02% | gross_exp=8.0x | positions=1
[32m2026-05-08 23:01:38 | INFO    [0m | [36mbot.orchestrator[0m | === Cycle 75 ===[0m
2026-05-08 23:01:38 | INFO     | bot.orchestrator | === Cycle 75 ===
[32m2026-05-08 23:01:38 | INFO    [0m | [36mbot.orchestrator[0m | Market regime: unknown[0m
2026-05-08 23:01:38 | INFO     | bot.orchestrator | Market regime: unknown
[32m2026-05-08 23:01:38 | INFO    [0m | [36mbot.orchestrator[0m | Raw signals: 3[0m
2026-05-08 23:01:38 | INFO     | bot.orchestrator | Raw signals: 3
[33m2026-05-08 23:01:38 | WARNING [0m | [36mrisk.risk_guard[0m | All signals blocked — trading halted: Max drawdown 88.9% >= limit 15.0%[0m
2026-05-08 23:01:38 | WARNING  | risk.risk_guard | All signals blocked — trading halted: Max drawdown 88.9% >= limit 15.0%
[32m2026-05-08 23:01:38 | INFO    [0m | [36mbot.orchestrator[0m | Approved signals after risk filter: 0[0m
2026-05-08 23:01:38 | INFO     | bot.orchestrator | Approved signals after risk filter: 0
[32m2026-05-08 23:01:38 | INFO    [0m | [36mbot.orchestrator[0m | Snapshot | equity=1027.12 | regime=unknown | positions=1 | upnl=0.00 | signals_approved=0[0m
2026-05-08 23:01:38 | INFO     | bot.orchestrator | Snapshot | equity=1027.12 | regime=unknown | positions=1 | upnl=0.00 | signals_approved=0
2026-05-08 23:01:53 | INFO     | scripts.risk_monitor | Risk | equity=1027.12 | dd=0.08% | var99=0.02% | gross_exp=8.0x | positions=1
[32m2026-05-08 23:02:38 | INFO    [0m | [36mbot.orchestrator[0m | === Cycle 76 ===[0m
2026-05-08 23:02:38 | INFO     | bot.orchestrator | === Cycle 76 ===
[32m2026-05-08 23:02:38 | INFO    [0m | [36mbot.orchestrator[0m | Market regime: unknown[0m
2026-05-08 23:02:38 | INFO     | bot.orchestrator | Market regime: unknown
[32m2026-05-08 23:02:38 | INFO    [0m | [36mbot.orchestrator[0m | Raw signals: 3[0m
2026-05-08 23:02:38 | INFO     | bot.orchestrator | Raw signals: 3
[33m2026-05-08 23:02:38 | WARNING [0m | [36mrisk.risk_guard[0m | All signals blocked — trading halted: Max drawdown 88.9% >= limit 15.0%[0m
2026-05-08 23:02:38 | WARNING  | risk.risk_guard | All signals blocked — trading halted: Max drawdown 88.9% >= limit 15.0%
[32m2026-05-08 23:02:38 | INFO    [0m | [36mbot.orchestrator[0m | Approved signals after risk filter: 0[0m
2026-05-08 23:02:38 | INFO     | bot.orchestrator | Approved signals after risk filter: 0
[32m2026-05-08 23:02:38 | INFO    [0m | [36mbot.orchestrator[0m | Snapshot | equity=1027.12 | regime=unknown | positions=1 | upnl=0.00 | signals_approved=0[0m
2026-05-08 23:02:38 | INFO     | bot.orchestrator | Snapshot | equity=1027.12 | regime=unknown | positions=1 | upnl=0.00 | signals_approved=0
2026-05-08 23:02:54 | INFO     | scripts.risk_monitor | Risk | equity=1027.12 | dd=0.08% | var99=0.02% | gross_exp=8.0x | positions=1
[32m2026-05-08 23:03:38 | INFO    [0m | [36mbot.orchestrator[0m | === Cycle 77 ===[0m
2026-05-08 23:03:38 | INFO     | bot.orchestrator | === Cycle 77 ===
[32m2026-05-08 23:03:38 | INFO    [0m | [36mbot.orchestrator[0m | Market regime: unknown[0m
2026-05-08 23:03:38 | INFO     | bot.orchestrator | Market regime: unknown
[32m2026-05-08 23:03:38 | INFO    [0m | [36mbot.orchestrator[0m | Raw signals: 3[0m
2026-05-08 23:03:38 | INFO     | bot.orchestrator | Raw signals: 3
[33m2026-05-08 23:03:38 | WARNING [0m | [36mrisk.risk_guard[0m | All signals blocked — trading halted: Max drawdown 88.9% >= limit 15.0%[0m
2026-05-08 23:03:38 | WARNING  | risk.risk_guard | All signals blocked — trading halted: Max drawdown 88.9% >= limit 15.0%
[32m2026-05-08 23:03:38 | INFO    [0m | [36mbot.orchestrator[0m | Approved signals after risk filter: 0[0m
2026-05-08 23:03:38 | INFO     | bot.orchestrator | Approved signals after risk filter: 0
[32m2026-05-08 23:03:38 | INFO    [0m | [36mbot.orchestrator[0m | Snapshot | equity=1027.12 | regime=unknown | positions=1 | upnl=0.00 | signals_approved=0[0m
2026-05-08 23:03:38 | INFO     | bot.orchestrator | Snapshot | equity=1027.12 | regime=unknown | positions=1 | upnl=0.00 | signals_approved=0
2026-05-08 23:03:54 | INFO     | scripts.risk_monitor | Risk | equity=1027.12 | dd=0.08% | var99=0.02% | gross_exp=8.0x | positions=1
[32m2026-05-08 23:04:38 | INFO    [0m | [36mbot.orchestrator[0m | === Cycle 78 ===[0m
2026-05-08 23:04:38 | INFO     | bot.orchestrator | === Cycle 78 ===
[32m2026-05-08 23:04:38 | INFO    [0m | [36mbot.orchestrator[0m | Market regime: unknown[0m
2026-05-08 23:04:38 | INFO     | bot.orchestrator | Market regime: unknown
[32m2026-05-08 23:04:38 | INFO    [0m | [36mbot.orchestrator[0m | Raw signals: 3[0m
2026-05-08 23:04:38 | INFO     | bot.orchestrator | Raw signals: 3
[33m2026-05-08 23:04:38 | WARNING [0m | [36mrisk.risk_guard[0m | All signals blocked — trading halted: Max drawdown 88.9% >= limit 15.0%[0m
2026-05-08 23:04:38 | WARNING  | risk.risk_guard | All signals blocked — trading halted: Max drawdown 88.9% >= limit 15.0%
[32m2026-05-08 23:04:38 | INFO    [0m | [36mbot.orchestrator[0m | Approved signals after risk filter: 0[0m
2026-05-08 23:04:38 | INFO     | bot.orchestrator | Approved signals after risk filter: 0
[32m2026-05-08 23:04:38 | INFO    [0m | [36mbot.orchestrator[0m | Snapshot | equity=1027.12 | regime=unknown | positions=1 | upnl=0.00 | signals_approved=0[0m
2026-05-08 23:04:38 | INFO     | bot.orchestrator | Snapshot | equity=1027.12 | regime=unknown | positions=1 | upnl=0.00 | signals_approved=0
2026-05-08 23:04:54 | INFO     | scripts.risk_monitor | Risk | equity=1027.12 | dd=0.08% | var99=0.02% | gross_exp=8.0x | positions=1
[32m2026-05-08 23:05:38 | INFO    [0m | [36mbot.orchestrator[0m | === Cycle 79 ===[0m
2026-05-08 23:05:38 | INFO     | bot.orchestrator | === Cycle 79 ===
[32m2026-05-08 23:05:38 | INFO    [0m | [36mbot.orchestrator[0m | Market regime: unknown[0m
2026-05-08 23:05:38 | INFO     | bot.orchestrator | Market regime: unknown
[32m2026-05-08 23:05:38 | INFO    [0m | [36mbot.orchestrator[0m | Raw signals: 3[0m
2026-05-08 23:05:38 | INFO     | bot.orchestrator | Raw signals: 3
[33m2026-05-08 23:05:38 | WARNING [0m | [36mrisk.risk_guard[0m | All signals blocked — trading halted: Max drawdown 88.9% >= limit 15.0%[0m
2026-05-08 23:05:38 | WARNING  | risk.risk_guard | All signals blocked — trading halted: Max drawdown 88.9% >= limit 15.0%
[32m2026-05-08 23:05:38 | INFO    [0m | [36mbot.orchestrator[0m | Approved signals after risk filter: 0[0m
2026-05-08 23:05:38 | INFO     | bot.orchestrator | Approved signals after risk filter: 0
[32m2026-05-08 23:05:38 | INFO    [0m | [36mbot.orchestrator[0m | Snapshot | equity=1027.12 | regime=unknown | positions=1 | upnl=0.00 | signals_approved=0[0m
2026-05-08 23:05:38 | INFO     | bot.orchestrator | Snapshot | equity=1027.12 | regime=unknown | positions=1 | upnl=0.00 | signals_approved=0
2026-05-08 23:05:54 | INFO     | scripts.risk_monitor | Risk | equity=1027.12 | dd=0.08% | var99=0.02% | gross_exp=8.0x | positions=1
[32m2026-05-08 23:06:38 | INFO    [0m | [36mbot.orchestrator[0m | === Cycle 80 ===[0m
2026-05-08 23:06:38 | INFO     | bot.orchestrator | === Cycle 80 ===
[32m2026-05-08 23:06:38 | INFO    [0m | [36mbot.orchestrator[0m | Market regime: unknown[0m
2026-05-08 23:06:38 | INFO     | bot.orchestrator | Market regime: unknown
[32m2026-05-08 23:06:38 | INFO    [0m | [36mbot.orchestrator[0m | Raw signals: 3[0m
2026-05-08 23:06:38 | INFO     | bot.orchestrator | Raw signals: 3
[33m2026-05-08 23:06:38 | WARNING [0m | [36mrisk.risk_guard[0m | All signals blocked — trading halted: Max drawdown 88.9% >= limit 15.0%[0m
2026-05-08 23:06:38 | WARNING  | risk.risk_guard | All signals blocked — trading halted: Max drawdown 88.9% >= limit 15.0%
[32m2026-05-08 23:06:38 | INFO    [0m | [36mbot.orchestrator[0m | Approved signals after risk filter: 0[0m
2026-05-08 23:06:38 | INFO     | bot.orchestrator | Approved signals after risk filter: 0
[32m2026-05-08 23:06:38 | INFO    [0m | [36mbot.orchestrator[0m | Snapshot | equity=1027.12 | regime=unknown | positions=1 | upnl=0.00 | signals_approved=0[0m
2026-05-08 23:06:38 | INFO     | bot.orchestrator | Snapshot | equity=1027.12 | regime=unknown | positions=1 | upnl=0.00 | signals_approved=0
2026-05-08 23:06:55 | INFO     | scripts.risk_monitor | Risk | equity=1027.12 | dd=0.08% | var99=0.02% | gross_exp=8.0x | positions=1
[32m2026-05-08 23:07:38 | INFO    [0m | [36mbot.orchestrator[0m | === Cycle 81 ===[0m
2026-05-08 23:07:38 | INFO     | bot.orchestrator | === Cycle 81 ===
[32m2026-05-08 23:07:38 | INFO    [0m | [36mbot.orchestrator[0m | Market regime: unknown[0m
2026-05-08 23:07:38 | INFO     | bot.orchestrator | Market regime: unknown
[32m2026-05-08 23:07:38 | INFO    [0m | [36mbot.orchestrator[0m | Raw signals: 3[0m
2026-05-08 23:07:38 | INFO     | bot.orchestrator | Raw signals: 3
[33m2026-05-08 23:07:38 | WARNING [0m | [36mrisk.risk_guard[0m | All signals blocked — trading halted: Max drawdown 88.9% >= limit 15.0%[0m
2026-05-08 23:07:38 | WARNING  | risk.risk_guard | All signals blocked — trading halted: Max drawdown 88.9% >= limit 15.0%
[32m2026-05-08 23:07:38 | INFO    [0m | [36mbot.orchestrator[0m | Approved signals after risk filter: 0[0m
2026-05-08 23:07:38 | INFO     | bot.orchestrator | Approved signals after risk filter: 0
[32m2026-05-08 23:07:38 | INFO    [0m | [36mbot.orchestrator[0m | Snapshot | equity=1027.12 | regime=unknown | positions=1 | upnl=0.00 | signals_approved=0[0m
2026-05-08 23:07:38 | INFO     | bot.orchestrator | Snapshot | equity=1027.12 | regime=unknown | positions=1 | upnl=0.00 | signals_approved=0
2026-05-08 23:07:55 | INFO     | scripts.risk_monitor | Risk | equity=1027.12 | dd=0.08% | var99=0.02% | gross_exp=8.0x | positions=1
[32m2026-05-08 23:08:38 | INFO    [0m | [36mbot.orchestrator[0m | === Cycle 82 ===[0m
2026-05-08 23:08:38 | INFO     | bot.orchestrator | === Cycle 82 ===
[32m2026-05-08 23:08:38 | INFO    [0m | [36mbot.orchestrator[0m | Market regime: unknown[0m
2026-05-08 23:08:38 | INFO     | bot.orchestrator | Market regime: unknown
[32m2026-05-08 23:08:38 | INFO    [0m | [36mbot.orchestrator[0m | Raw signals: 3[0m
2026-05-08 23:08:38 | INFO     | bot.orchestrator | Raw signals: 3
[33m2026-05-08 23:08:38 | WARNING [0m | [36mrisk.risk_guard[0m | All signals blocked — trading halted: Max drawdown 88.9% >= limit 15.0%[0m
2026-05-08 23:08:38 | WARNING  | risk.risk_guard | All signals blocked — trading halted: Max drawdown 88.9% >= limit 15.0%
[32m2026-05-08 23:08:38 | INFO    [0m | [36mbot.orchestrator[0m | Approved signals after risk filter: 0[0m
2026-05-08 23:08:38 | INFO     | bot.orchestrator | Approved signals after risk filter: 0
[32m2026-05-08 23:08:38 | INFO    [0m | [36mbot.orchestrator[0m | Snapshot | equity=1027.12 | regime=unknown | positions=1 | upnl=0.00 | signals_approved=0[0m
2026-05-08 23:08:38 | INFO     | bot.orchestrator | Snapshot | equity=1027.12 | regime=unknown | positions=1 | upnl=0.00 | signals_approved=0
2026-05-08 23:08:55 | INFO     | scripts.risk_monitor | Risk | equity=1027.12 | dd=0.08% | var99=0.02% | gross_exp=8.0x | positions=1
[32m2026-05-08 23:09:38 | INFO    [0m | [36mbot.orchestrator[0m | === Cycle 83 ===[0m
2026-05-08 23:09:38 | INFO     | bot.orchestrator | === Cycle 83 ===
[32m2026-05-08 23:09:38 | INFO    [0m | [36mbot.orchestrator[0m | Market regime: unknown[0m
2026-05-08 23:09:38 | INFO     | bot.orchestrator | Market regime: unknown
[32m2026-05-08 23:09:38 | INFO    [0m | [36mbot.orchestrator[0m | Raw signals: 3[0m
2026-05-08 23:09:38 | INFO     | bot.orchestrator | Raw signals: 3
[33m2026-05-08 23:09:38 | WARNING [0m | [36mrisk.risk_guard[0m | All signals blocked — trading halted: Max drawdown 88.9% >= limit 15.0%[0m
2026-05-08 23:09:38 | WARNING  | risk.risk_guard | All signals blocked — trading halted: Max drawdown 88.9% >= limit 15.0%
[32m2026-05-08 23:09:38 | INFO    [0m | [36mbot.orchestrator[0m | Approved signals after risk filter: 0[0m
2026-05-08 23:09:38 | INFO     | bot.orchestrator | Approved signals after risk filter: 0
[32m2026-05-08 23:09:38 | INFO    [0m | [36mbot.orchestrator[0m | Snapshot | equity=1027.12 | regime=unknown | positions=1 | upnl=0.00 | signals_approved=0[0m
2026-05-08 23:09:38 | INFO     | bot.orchestrator | Snapshot | equity=1027.12 | regime=unknown | positions=1 | upnl=0.00 | signals_approved=0
2026-05-08 23:09:55 | INFO     | scripts.risk_monitor | Risk | equity=1027.12 | dd=0.08% | var99=0.02% | gross_exp=8.0x | positions=1
[32m2026-05-08 23:10:38 | INFO    [0m | [36mbot.orchestrator[0m | === Cycle 84 ===[0m
2026-05-08 23:10:38 | INFO     | bot.orchestrator | === Cycle 84 ===
[32m2026-05-08 23:10:38 | INFO    [0m | [36mbot.orchestrator[0m | Market regime: unknown[0m
2026-05-08 23:10:38 | INFO     | bot.orchestrator | Market regime: unknown
[32m2026-05-08 23:10:38 | INFO    [0m | [36mbot.orchestrator[0m | Raw signals: 3[0m
2026-05-08 23:10:38 | INFO     | bot.orchestrator | Raw signals: 3
[33m2026-05-08 23:10:38 | WARNING [0m | [36mrisk.risk_guard[0m | All signals blocked — trading halted: Max drawdown 88.9% >= limit 15.0%[0m
2026-05-08 23:10:38 | WARNING  | risk.risk_guard | All signals blocked — trading halted: Max drawdown 88.9% >= limit 15.0%
[32m2026-05-08 23:10:38 | INFO    [0m | [36mbot.orchestrator[0m | Approved signals after risk filter: 0[0m
2026-05-08 23:10:38 | INFO     | bot.orchestrator | Approved signals after risk filter: 0
[32m2026-05-08 23:10:38 | INFO    [0m | [36mbot.orchestrator[0m | Snapshot | equity=1027.12 | regime=unknown | positions=1 | upnl=0.00 | signals_approved=0[0m
2026-05-08 23:10:38 | INFO     | bot.orchestrator | Snapshot | equity=1027.12 | regime=unknown | positions=1 | upnl=0.00 | signals_approved=0
2026-05-08 23:10:56 | INFO     | scripts.risk_monitor | Risk | equity=1027.12 | dd=0.08% | var99=0.02% | gross_exp=8.0x | positions=1
[32m2026-05-08 23:11:38 | INFO    [0m | [36mbot.orchestrator[0m | === Cycle 85 ===[0m
2026-05-08 23:11:38 | INFO     | bot.orchestrator | === Cycle 85 ===
[32m2026-05-08 23:11:38 | INFO    [0m | [36mbot.orchestrator[0m | Market regime: unknown[0m
2026-05-08 23:11:38 | INFO     | bot.orchestrator | Market regime: unknown
[32m2026-05-08 23:11:38 | INFO    [0m | [36mbot.orchestrator[0m | Raw signals: 3[0m
2026-05-08 23:11:38 | INFO     | bot.orchestrator | Raw signals: 3
[33m2026-05-08 23:11:38 | WARNING [0m | [36mrisk.risk_guard[0m | All signals blocked — trading halted: Max drawdown 88.9% >= limit 15.0%[0m
2026-05-08 23:11:38 | WARNING  | risk.risk_guard | All signals blocked — trading halted: Max drawdown 88.9% >= limit 15.0%
[32m2026-05-08 23:11:38 | INFO    [0m | [36mbot.orchestrator[0m | Approved signals after risk filter: 0[0m
2026-05-08 23:11:38 | INFO     | bot.orchestrator | Approved signals after risk filter: 0
[32m2026-05-08 23:11:38 | INFO    [0m | [36mbot.orchestrator[0m | Snapshot | equity=1027.12 | regime=unknown | positions=1 | upnl=0.00 | signals_approved=0[0m
2026-05-08 23:11:38 | INFO     | bot.orchestrator | Snapshot | equity=1027.12 | regime=unknown | positions=1 | upnl=0.00 | signals_approved=0
2026-05-08 23:11:56 | INFO     | scripts.risk_monitor | Risk | equity=1027.12 | dd=0.08% | var99=0.01% | gross_exp=8.0x | positions=1
[32m2026-05-08 23:12:38 | INFO    [0m | [36mbot.orchestrator[0m | === Cycle 86 ===[0m
2026-05-08 23:12:38 | INFO     | bot.orchestrator | === Cycle 86 ===
[32m2026-05-08 23:12:38 | INFO    [0m | [36mbot.orchestrator[0m | Market regime: unknown[0m
2026-05-08 23:12:38 | INFO     | bot.orchestrator | Market regime: unknown
[32m2026-05-08 23:12:38 | INFO    [0m | [36mbot.orchestrator[0m | Raw signals: 3[0m
2026-05-08 23:12:38 | INFO     | bot.orchestrator | Raw signals: 3
[33m2026-05-08 23:12:38 | WARNING [0m | [36mrisk.risk_guard[0m | All signals blocked — trading halted: Max drawdown 88.9% >= limit 15.0%[0m
2026-05-08 23:12:38 | WARNING  | risk.risk_guard | All signals blocked — trading halted: Max drawdown 88.9% >= limit 15.0%
[32m2026-05-08 23:12:38 | INFO    [0m | [36mbot.orchestrator[0m | Approved signals after risk filter: 0[0m
2026-05-08 23:12:38 | INFO     | bot.orchestrator | Approved signals after risk filter: 0
[32m2026-05-08 23:12:38 | INFO    [0m | [36mbot.orchestrator[0m | Snapshot | equity=1027.12 | regime=unknown | positions=1 | upnl=0.00 | signals_approved=0[0m
2026-05-08 23:12:38 | INFO     | bot.orchestrator | Snapshot | equity=1027.12 | regime=unknown | positions=1 | upnl=0.00 | signals_approved=0
2026-05-08 23:12:56 | INFO     | scripts.risk_monitor | Risk | equity=1027.12 | dd=0.08% | var99=0.01% | gross_exp=8.0x | positions=1
[32m2026-05-08 23:13:38 | INFO    [0m | [36mbot.orchestrator[0m | === Cycle 87 ===[0m
2026-05-08 23:13:38 | INFO     | bot.orchestrator | === Cycle 87 ===
[32m2026-05-08 23:13:38 | INFO    [0m | [36mbot.orchestrator[0m | Market regime: unknown[0m
2026-05-08 23:13:38 | INFO     | bot.orchestrator | Market regime: unknown
[32m2026-05-08 23:13:38 | INFO    [0m | [36mbot.orchestrator[0m | Raw signals: 3[0m
2026-05-08 23:13:38 | INFO     | bot.orchestrator | Raw signals: 3
[33m2026-05-08 23:13:38 | WARNING [0m | [36mrisk.risk_guard[0m | All signals blocked — trading halted: Max drawdown 88.9% >= limit 15.0%[0m
2026-05-08 23:13:38 | WARNING  | risk.risk_guard | All signals blocked — trading halted: Max drawdown 88.9% >= limit 15.0%
[32m2026-05-08 23:13:38 | INFO    [0m | [36mbot.orchestrator[0m | Approved signals after risk filter: 0[0m
2026-05-08 23:13:38 | INFO     | bot.orchestrator | Approved signals after risk filter: 0
[32m2026-05-08 23:13:38 | INFO    [0m | [36mbot.orchestrator[0m | Snapshot | equity=1027.12 | regime=unknown | positions=1 | upnl=0.00 | signals_approved=0[0m
2026-05-08 23:13:38 | INFO     | bot.orchestrator | Snapshot | equity=1027.12 | regime=unknown | positions=1 | upnl=0.00 | signals_approved=0
2026-05-08 23:13:57 | INFO     | scripts.risk_monitor | Risk | equity=1027.12 | dd=0.08% | var99=0.01% | gross_exp=8.0x | positions=1
[32m2026-05-08 23:14:38 | INFO    [0m | [36mbot.orchestrator[0m | === Cycle 88 ===[0m
2026-05-08 23:14:38 | INFO     | bot.orchestrator | === Cycle 88 ===
[32m2026-05-08 23:14:38 | INFO    [0m | [36mbot.orchestrator[0m | Market regime: unknown[0m
2026-05-08 23:14:38 | INFO     | bot.orchestrator | Market regime: unknown
[32m2026-05-08 23:14:38 | INFO    [0m | [36mbot.orchestrator[0m | Raw signals: 3[0m
2026-05-08 23:14:38 | INFO     | bot.orchestrator | Raw signals: 3
[33m2026-05-08 23:14:38 | WARNING [0m | [36mrisk.risk_guard[0m | All signals blocked — trading halted: Max drawdown 88.9% >= limit 15.0%[0m
2026-05-08 23:14:38 | WARNING  | risk.risk_guard | All signals blocked — trading halted: Max drawdown 88.9% >= limit 15.0%
[32m2026-05-08 23:14:38 | INFO    [0m | [36mbot.orchestrator[0m | Approved signals after risk filter: 0[0m
2026-05-08 23:14:38 | INFO     | bot.orchestrator | Approved signals after risk filter: 0
[32m2026-05-08 23:14:38 | INFO    [0m | [36mbot.orchestrator[0m | Snapshot | equity=1027.12 | regime=unknown | positions=1 | upnl=0.00 | signals_approved=0[0m
2026-05-08 23:14:38 | INFO     | bot.orchestrator | Snapshot | equity=1027.12 | regime=unknown | positions=1 | upnl=0.00 | signals_approved=0
2026-05-08 23:14:57 | INFO     | scripts.risk_monitor | Risk | equity=1027.12 | dd=0.08% | var99=0.01% | gross_exp=8.0x | positions=1
[32m2026-05-08 23:15:38 | INFO    [0m | [36mbot.orchestrator[0m | === Cycle 89 ===[0m
2026-05-08 23:15:38 | INFO     | bot.orchestrator | === Cycle 89 ===
[32m2026-05-08 23:15:38 | INFO    [0m | [36mbot.orchestrator[0m | Market regime: unknown[0m
2026-05-08 23:15:38 | INFO     | bot.orchestrator | Market regime: unknown
[32m2026-05-08 23:15:38 | INFO    [0m | [36mbot.orchestrator[0m | Raw signals: 3[0m
2026-05-08 23:15:38 | INFO     | bot.orchestrator | Raw signals: 3
[33m2026-05-08 23:15:38 | WARNING [0m | [36mrisk.risk_guard[0m | All signals blocked — trading halted: Max drawdown 88.9% >= limit 15.0%[0m
2026-05-08 23:15:38 | WARNING  | risk.risk_guard | All signals blocked — trading halted: Max drawdown 88.9% >= limit 15.0%
[32m2026-05-08 23:15:38 | INFO    [0m | [36mbot.orchestrator[0m | Approved signals after risk filter: 0[0m
2026-05-08 23:15:38 | INFO     | bot.orchestrator | Approved signals after risk filter: 0
[32m2026-05-08 23:15:38 | INFO    [0m | [36mbot.orchestrator[0m | Snapshot | equity=1027.12 | regime=unknown | positions=1 | upnl=0.00 | signals_approved=0[0m
2026-05-08 23:15:38 | INFO     | bot.orchestrator | Snapshot | equity=1027.12 | regime=unknown | positions=1 | upnl=0.00 | signals_approved=0
2026-05-08 23:15:57 | INFO     | scripts.risk_monitor | Risk | equity=1027.12 | dd=0.08% | var99=0.01% | gross_exp=8.0x | positions=1
[32m2026-05-08 23:16:38 | INFO    [0m | [36mbot.orchestrator[0m | === Cycle 90 ===[0m
2026-05-08 23:16:38 | INFO     | bot.orchestrator | === Cycle 90 ===
[32m2026-05-08 23:16:38 | INFO    [0m | [36mbot.orchestrator[0m | Market regime: unknown[0m
2026-05-08 23:16:38 | INFO     | bot.orchestrator | Market regime: unknown
[32m2026-05-08 23:16:38 | INFO    [0m | [36mbot.orchestrator[0m | Raw signals: 3[0m
2026-05-08 23:16:38 | INFO     | bot.orchestrator | Raw signals: 3
[33m2026-05-08 23:16:38 | WARNING [0m | [36mrisk.risk_guard[0m | All signals blocked — trading halted: Max drawdown 88.9% >= limit 15.0%[0m
2026-05-08 23:16:38 | WARNING  | risk.risk_guard | All signals blocked — trading halted: Max drawdown 88.9% >= limit 15.0%
[32m2026-05-08 23:16:38 | INFO    [0m | [36mbot.orchestrator[0m | Approved signals after risk filter: 0[0m
2026-05-08 23:16:38 | INFO     | bot.orchestrator | Approved signals after risk filter: 0
[32m2026-05-08 23:16:38 | INFO    [0m | [36mbot.orchestrator[0m | Snapshot | equity=1027.12 | regime=unknown | positions=1 | upnl=0.00 | signals_approved=0[0m
2026-05-08 23:16:38 | INFO     | bot.orchestrator | Snapshot | equity=1027.12 | regime=unknown | positions=1 | upnl=0.00 | signals_approved=0
2026-05-08 23:16:57 | INFO     | scripts.risk_monitor | Risk | equity=1027.12 | dd=0.08% | var99=0.01% | gross_exp=8.0x | positions=1
[32m2026-05-08 23:17:38 | INFO    [0m | [36mbot.orchestrator[0m | === Cycle 91 ===[0m
2026-05-08 23:17:38 | INFO     | bot.orchestrator | === Cycle 91 ===
[32m2026-05-08 23:17:38 | INFO    [0m | [36mbot.orchestrator[0m | Market regime: unknown[0m
2026-05-08 23:17:38 | INFO     | bot.orchestrator | Market regime: unknown
[32m2026-05-08 23:17:38 | INFO    [0m | [36mbot.orchestrator[0m | Raw signals: 3[0m
2026-05-08 23:17:38 | INFO     | bot.orchestrator | Raw signals: 3
[33m2026-05-08 23:17:38 | WARNING [0m | [36mrisk.risk_guard[0m | All signals blocked — trading halted: Max drawdown 88.9% >= limit 15.0%[0m
2026-05-08 23:17:38 | WARNING  | risk.risk_guard | All signals blocked — trading halted: Max drawdown 88.9% >= limit 15.0%
[32m2026-05-08 23:17:38 | INFO    [0m | [36mbot.orchestrator[0m | Approved signals after risk filter: 0[0m
2026-05-08 23:17:38 | INFO     | bot.orchestrator | Approved signals after risk filter: 0
[32m2026-05-08 23:17:38 | INFO    [0m | [36mbot.orchestrator[0m | Snapshot | equity=1027.12 | regime=unknown | positions=1 | upnl=0.00 | signals_approved=0[0m
2026-05-08 23:17:38 | INFO     | bot.orchestrator | Snapshot | equity=1027.12 | regime=unknown | positions=1 | upnl=0.00 | signals_approved=0
2026-05-08 23:17:58 | INFO     | scripts.risk_monitor | Risk | equity=1027.12 | dd=0.08% | var99=0.01% | gross_exp=8.0x | positions=1
[32m2026-05-08 23:18:38 | INFO    [0m | [36mbot.orchestrator[0m | === Cycle 92 ===[0m
2026-05-08 23:18:38 | INFO     | bot.orchestrator | === Cycle 92 ===
[32m2026-05-08 23:18:38 | INFO    [0m | [36mbot.orchestrator[0m | Market regime: unknown[0m
2026-05-08 23:18:38 | INFO     | bot.orchestrator | Market regime: unknown
[32m2026-05-08 23:18:38 | INFO    [0m | [36mbot.orchestrator[0m | Raw signals: 3[0m
2026-05-08 23:18:38 | INFO     | bot.orchestrator | Raw signals: 3
[33m2026-05-08 23:18:38 | WARNING [0m | [36mrisk.risk_guard[0m | All signals blocked — trading halted: Max drawdown 88.9% >= limit 15.0%[0m
2026-05-08 23:18:38 | WARNING  | risk.risk_guard | All signals blocked — trading halted: Max drawdown 88.9% >= limit 15.0%
[32m2026-05-08 23:18:38 | INFO    [0m | [36mbot.orchestrator[0m | Approved signals after risk filter: 0[0m
2026-05-08 23:18:38 | INFO     | bot.orchestrator | Approved signals after risk filter: 0
[32m2026-05-08 23:18:38 | INFO    [0m | [36mbot.orchestrator[0m | Snapshot | equity=1027.12 | regime=unknown | positions=1 | upnl=0.00 | signals_approved=0[0m
2026-05-08 23:18:38 | INFO     | bot.orchestrator | Snapshot | equity=1027.12 | regime=unknown | positions=1 | upnl=0.00 | signals_approved=0
2026-05-08 23:18:58 | INFO     | scripts.risk_monitor | Risk | equity=1027.12 | dd=0.08% | var99=0.01% | gross_exp=8.0x | positions=1
[32m2026-05-08 23:19:38 | INFO    [0m | [36mbot.orchestrator[0m | === Cycle 93 ===[0m
2026-05-08 23:19:38 | INFO     | bot.orchestrator | === Cycle 93 ===
[32m2026-05-08 23:19:38 | INFO    [0m | [36mbot.orchestrator[0m | Market regime: unknown[0m
2026-05-08 23:19:38 | INFO     | bot.orchestrator | Market regime: unknown
[32m2026-05-08 23:19:38 | INFO    [0m | [36mbot.orchestrator[0m | Raw signals: 3[0m
2026-05-08 23:19:38 | INFO     | bot.orchestrator | Raw signals: 3
[33m2026-05-08 23:19:38 | WARNING [0m | [36mrisk.risk_guard[0m | All signals blocked — trading halted: Max drawdown 88.9% >= limit 15.0%[0m
2026-05-08 23:19:38 | WARNING  | risk.risk_guard | All signals blocked — trading halted: Max drawdown 88.9% >= limit 15.0%
[32m2026-05-08 23:19:38 | INFO    [0m | [36mbot.orchestrator[0m | Approved signals after risk filter: 0[0m
2026-05-08 23:19:38 | INFO     | bot.orchestrator | Approved signals after risk filter: 0
[32m2026-05-08 23:19:38 | INFO    [0m | [36mbot.orchestrator[0m | Snapshot | equity=1027.12 | regime=unknown | positions=1 | upnl=0.00 | signals_approved=0[0m
2026-05-08 23:19:38 | INFO     | bot.orchestrator | Snapshot | equity=1027.12 | regime=unknown | positions=1 | upnl=0.00 | signals_approved=0
2026-05-08 23:19:58 | INFO     | scripts.risk_monitor | Risk | equity=1027.12 | dd=0.08% | var99=0.01% | gross_exp=8.0x | positions=1
[32m2026-05-08 23:20:38 | INFO    [0m | [36mbot.orchestrator[0m | === Cycle 94 ===[0m
2026-05-08 23:20:38 | INFO     | bot.orchestrator | === Cycle 94 ===
[32m2026-05-08 23:20:38 | INFO    [0m | [36mbot.orchestrator[0m | Market regime: unknown[0m
2026-05-08 23:20:38 | INFO     | bot.orchestrator | Market regime: unknown
[32m2026-05-08 23:20:38 | INFO    [0m | [36mbot.orchestrator[0m | Raw signals: 3[0m
2026-05-08 23:20:38 | INFO     | bot.orchestrator | Raw signals: 3
[33m2026-05-08 23:20:38 | WARNING [0m | [36mrisk.risk_guard[0m | All signals blocked — trading halted: Max drawdown 88.9% >= limit 15.0%[0m
2026-05-08 23:20:38 | WARNING  | risk.risk_guard | All signals blocked — trading halted: Max drawdown 88.9% >= limit 15.0%
[32m2026-05-08 23:20:38 | INFO    [0m | [36mbot.orchestrator[0m | Approved signals after risk filter: 0[0m
2026-05-08 23:20:38 | INFO     | bot.orchestrator | Approved signals after risk filter: 0
[32m2026-05-08 23:20:38 | INFO    [0m | [36mbot.orchestrator[0m | Snapshot | equity=1027.12 | regime=unknown | positions=1 | upnl=0.00 | signals_approved=0[0m
2026-05-08 23:20:38 | INFO     | bot.orchestrator | Snapshot | equity=1027.12 | regime=unknown | positions=1 | upnl=0.00 | signals_approved=0
2026-05-08 23:20:59 | INFO     | scripts.risk_monitor | Risk | equity=1027.12 | dd=0.08% | var99=0.01% | gross_exp=8.0x | positions=1
[32m2026-05-08 23:21:38 | INFO    [0m | [36mbot.orchestrator[0m | === Cycle 95 ===[0m
2026-05-08 23:21:38 | INFO     | bot.orchestrator | === Cycle 95 ===
[32m2026-05-08 23:21:38 | INFO    [0m | [36mbot.orchestrator[0m | Market regime: unknown[0m
2026-05-08 23:21:38 | INFO     | bot.orchestrator | Market regime: unknown
[32m2026-05-08 23:21:38 | INFO    [0m | [36mbot.orchestrator[0m | Raw signals: 3[0m
2026-05-08 23:21:38 | INFO     | bot.orchestrator | Raw signals: 3
[33m2026-05-08 23:21:38 | WARNING [0m | [36mrisk.risk_guard[0m | All signals blocked — trading halted: Max drawdown 88.9% >= limit 15.0%[0m
2026-05-08 23:21:38 | WARNING  | risk.risk_guard | All signals blocked — trading halted: Max drawdown 88.9% >= limit 15.0%
[32m2026-05-08 23:21:38 | INFO    [0m | [36mbot.orchestrator[0m | Approved signals after risk filter: 0[0m
2026-05-08 23:21:38 | INFO     | bot.orchestrator | Approved signals after risk filter: 0
[32m2026-05-08 23:21:38 | INFO    [0m | [36mbot.orchestrator[0m | Snapshot | equity=1027.12 | regime=unknown | positions=1 | upnl=0.00 | signals_approved=0[0m
2026-05-08 23:21:38 | INFO     | bot.orchestrator | Snapshot | equity=1027.12 | regime=unknown | positions=1 | upnl=0.00 | signals_approved=0
2026-05-08 23:21:59 | INFO     | scripts.risk_monitor | Risk | equity=1027.12 | dd=0.08% | var99=0.01% | gross_exp=8.0x | positions=1
[32m2026-05-08 23:22:38 | INFO    [0m | [36mbot.orchestrator[0m | === Cycle 96 ===[0m
2026-05-08 23:22:38 | INFO     | bot.orchestrator | === Cycle 96 ===
[32m2026-05-08 23:22:38 | INFO    [0m | [36mbot.orchestrator[0m | Market regime: unknown[0m
2026-05-08 23:22:38 | INFO     | bot.orchestrator | Market regime: unknown
[32m2026-05-08 23:22:38 | INFO    [0m | [36mbot.orchestrator[0m | Raw signals: 3[0m
2026-05-08 23:22:38 | INFO     | bot.orchestrator | Raw signals: 3
[33m2026-05-08 23:22:38 | WARNING [0m | [36mrisk.risk_guard[0m | All signals blocked — trading halted: Max drawdown 88.9% >= limit 15.0%[0m
2026-05-08 23:22:38 | WARNING  | risk.risk_guard | All signals blocked — trading halted: Max drawdown 88.9% >= limit 15.0%
[32m2026-05-08 23:22:38 | INFO    [0m | [36mbot.orchestrator[0m | Approved signals after risk filter: 0[0m
2026-05-08 23:22:38 | INFO     | bot.orchestrator | Approved signals after risk filter: 0
[32m2026-05-08 23:22:38 | INFO    [0m | [36mbot.orchestrator[0m | Snapshot | equity=1027.12 | regime=unknown | positions=1 | upnl=0.00 | signals_approved=0[0m
2026-05-08 23:22:38 | INFO     | bot.orchestrator | Snapshot | equity=1027.12 | regime=unknown | positions=1 | upnl=0.00 | signals_approved=0
2026-05-08 23:22:59 | INFO     | scripts.risk_monitor | Risk | equity=1027.12 | dd=0.08% | var99=0.01% | gross_exp=8.0x | positions=1
[32m2026-05-08 23:23:38 | INFO    [0m | [36mbot.orchestrator[0m | === Cycle 97 ===[0m
2026-05-08 23:23:38 | INFO     | bot.orchestrator | === Cycle 97 ===
[32m2026-05-08 23:23:38 | INFO    [0m | [36mbot.orchestrator[0m | Market regime: unknown[0m
2026-05-08 23:23:38 | INFO     | bot.orchestrator | Market regime: unknown
[32m2026-05-08 23:23:38 | INFO    [0m | [36mbot.orchestrator[0m | Raw signals: 3[0m
2026-05-08 23:23:38 | INFO     | bot.orchestrator | Raw signals: 3
[33m2026-05-08 23:23:38 | WARNING [0m | [36mrisk.risk_guard[0m | All signals blocked — trading halted: Max drawdown 88.9% >= limit 15.0%[0m
2026-05-08 23:23:38 | WARNING  | risk.risk_guard | All signals blocked — trading halted: Max drawdown 88.9% >= limit 15.0%
[32m2026-05-08 23:23:38 | INFO    [0m | [36mbot.orchestrator[0m | Approved signals after risk filter: 0[0m
2026-05-08 23:23:38 | INFO     | bot.orchestrator | Approved signals after risk filter: 0
[32m2026-05-08 23:23:38 | INFO    [0m | [36mbot.orchestrator[0m | Snapshot | equity=1027.12 | regime=unknown | positions=1 | upnl=0.00 | signals_approved=0[0m
2026-05-08 23:23:38 | INFO     | bot.orchestrator | Snapshot | equity=1027.12 | regime=unknown | positions=1 | upnl=0.00 | signals_approved=0
2026-05-08 23:23:59 | INFO     | scripts.risk_monitor | Risk | equity=1027.12 | dd=0.08% | var99=0.00% | gross_exp=8.0x | positions=1
[32m2026-05-08 23:24:38 | INFO    [0m | [36mbot.orchestrator[0m | === Cycle 98 ===[0m
2026-05-08 23:24:38 | INFO     | bot.orchestrator | === Cycle 98 ===
[32m2026-05-08 23:24:38 | INFO    [0m | [36mbot.orchestrator[0m | Market regime: unknown[0m
2026-05-08 23:24:38 | INFO     | bot.orchestrator | Market regime: unknown
[32m2026-05-08 23:24:38 | INFO    [0m | [36mbot.orchestrator[0m | Raw signals: 3[0m
2026-05-08 23:24:38 | INFO     | bot.orchestrator | Raw signals: 3
[33m2026-05-08 23:24:38 | WARNING [0m | [36mrisk.risk_guard[0m | All signals blocked — trading halted: Max drawdown 88.9% >= limit 15.0%[0m
2026-05-08 23:24:38 | WARNING  | risk.risk_guard | All signals blocked — trading halted: Max drawdown 88.9% >= limit 15.0%
[32m2026-05-08 23:24:38 | INFO    [0m | [36mbot.orchestrator[0m | Approved signals after risk filter: 0[0m
2026-05-08 23:24:38 | INFO     | bot.orchestrator | Approved signals after risk filter: 0
[32m2026-05-08 23:24:38 | INFO    [0m | [36mbot.orchestrator[0m | Snapshot | equity=1027.12 | regime=unknown | positions=1 | upnl=0.00 | signals_approved=0[0m
2026-05-08 23:24:38 | INFO     | bot.orchestrator | Snapshot | equity=1027.12 | regime=unknown | positions=1 | upnl=0.00 | signals_approved=0
2026-05-08 23:25:00 | INFO     | scripts.risk_monitor | Risk | equity=1027.12 | dd=0.08% | var99=0.00% | gross_exp=8.0x | positions=1
[32m2026-05-08 23:25:38 | INFO    [0m | [36mbot.orchestrator[0m | === Cycle 99 ===[0m
2026-05-08 23:25:38 | INFO     | bot.orchestrator | === Cycle 99 ===
[32m2026-05-08 23:25:38 | INFO    [0m | [36mbot.orchestrator[0m | Market regime: unknown[0m
2026-05-08 23:25:38 | INFO     | bot.orchestrator | Market regime: unknown
[32m2026-05-08 23:25:38 | INFO    [0m | [36mbot.orchestrator[0m | Raw signals: 3[0m
2026-05-08 23:25:38 | INFO     | bot.orchestrator | Raw signals: 3
[33m2026-05-08 23:25:38 | WARNING [0m | [36mrisk.risk_guard[0m | All signals blocked — trading halted: Max drawdown 88.9% >= limit 15.0%[0m
2026-05-08 23:25:38 | WARNING  | risk.risk_guard | All signals blocked — trading halted: Max drawdown 88.9% >= limit 15.0%
[32m2026-05-08 23:25:38 | INFO    [0m | [36mbot.orchestrator[0m | Approved signals after risk filter: 0[0m
2026-05-08 23:25:38 | INFO     | bot.orchestrator | Approved signals after risk filter: 0
[32m2026-05-08 23:25:38 | INFO    [0m | [36mbot.orchestrator[0m | Snapshot | equity=1027.12 | regime=unknown | positions=1 | upnl=0.00 | signals_approved=0[0m
2026-05-08 23:25:38 | INFO     | bot.orchestrator | Snapshot | equity=1027.12 | regime=unknown | positions=1 | upnl=0.00 | signals_approved=0
2026-05-08 23:26:00 | INFO     | scripts.risk_monitor | Risk | equity=1027.12 | dd=0.08% | var99=0.00% | gross_exp=8.0x | positions=1
[32m2026-05-08 23:26:38 | INFO    [0m | [36mbot.orchestrator[0m | === Cycle 100 ===[0m
2026-05-08 23:26:38 | INFO     | bot.orchestrator | === Cycle 100 ===
[32m2026-05-08 23:26:38 | INFO    [0m | [36mbot.orchestrator[0m | Market regime: unknown[0m
2026-05-08 23:26:38 | INFO     | bot.orchestrator | Market regime: unknown
[32m2026-05-08 23:26:38 | INFO    [0m | [36mbot.orchestrator[0m | Raw signals: 3[0m
2026-05-08 23:26:38 | INFO     | bot.orchestrator | Raw signals: 3
[33m2026-05-08 23:26:38 | WARNING [0m | [36mrisk.risk_guard[0m | All signals blocked — trading halted: Max drawdown 88.9% >= limit 15.0%[0m
2026-05-08 23:26:38 | WARNING  | risk.risk_guard | All signals blocked — trading halted: Max drawdown 88.9% >= limit 15.0%
[32m2026-05-08 23:26:38 | INFO    [0m | [36mbot.orchestrator[0m | Approved signals after risk filter: 0[0m
2026-05-08 23:26:38 | INFO     | bot.orchestrator | Approved signals after risk filter: 0
[32m2026-05-08 23:26:38 | INFO    [0m | [36mbot.orchestrator[0m | Snapshot | equity=1027.12 | regime=unknown | positions=1 | upnl=0.00 | signals_approved=0[0m
2026-05-08 23:26:38 | INFO     | bot.orchestrator | Snapshot | equity=1027.12 | regime=unknown | positions=1 | upnl=0.00 | signals_approved=0
2026-05-08 23:27:00 | INFO     | scripts.risk_monitor | Risk | equity=1027.12 | dd=0.08% | var99=0.00% | gross_exp=8.0x | positions=1
[32m2026-05-08 23:27:38 | INFO    [0m | [36mbot.orchestrator[0m | === Cycle 101 ===[0m
2026-05-08 23:27:38 | INFO     | bot.orchestrator | === Cycle 101 ===
[32m2026-05-08 23:27:38 | INFO    [0m | [36mbot.orchestrator[0m | Market regime: unknown[0m
2026-05-08 23:27:38 | INFO     | bot.orchestrator | Market regime: unknown
[32m2026-05-08 23:27:38 | INFO    [0m | [36mbot.orchestrator[0m | Raw signals: 3[0m
2026-05-08 23:27:38 | INFO     | bot.orchestrator | Raw signals: 3
[33m2026-05-08 23:27:38 | WARNING [0m | [36mrisk.risk_guard[0m | All signals blocked — trading halted: Max drawdown 88.9% >= limit 15.0%[0m
2026-05-08 23:27:38 | WARNING  | risk.risk_guard | All signals blocked — trading halted: Max drawdown 88.9% >= limit 15.0%
[32m2026-05-08 23:27:38 | INFO    [0m | [36mbot.orchestrator[0m | Approved signals after risk filter: 0[0m
2026-05-08 23:27:38 | INFO     | bot.orchestrator | Approved signals after risk filter: 0
[32m2026-05-08 23:27:38 | INFO    [0m | [36mbot.orchestrator[0m | Snapshot | equity=1027.12 | regime=unknown | positions=1 | upnl=0.00 | signals_approved=0[0m
2026-05-08 23:27:38 | INFO     | bot.orchestrator | Snapshot | equity=1027.12 | regime=unknown | positions=1 | upnl=0.00 | signals_approved=0
2026-05-08 23:28:01 | INFO     | scripts.risk_monitor | Risk | equity=1027.12 | dd=0.08% | var99=0.00% | gross_exp=8.0x | positions=1
[32m2026-05-08 23:28:38 | INFO    [0m | [36mbot.orchestrator[0m | === Cycle 102 ===[0m
2026-05-08 23:28:38 | INFO     | bot.orchestrator | === Cycle 102 ===
[32m2026-05-08 23:28:38 | INFO    [0m | [36mbot.orchestrator[0m | Market regime: unknown[0m
2026-05-08 23:28:38 | INFO     | bot.orchestrator | Market regime: unknown
[32m2026-05-08 23:28:38 | INFO    [0m | [36mbot.orchestrator[0m | Raw signals: 3[0m
2026-05-08 23:28:38 | INFO     | bot.orchestrator | Raw signals: 3
[33m2026-05-08 23:28:38 | WARNING [0m | [36mrisk.risk_guard[0m | All signals blocked — trading halted: Max drawdown 88.9% >= limit 15.0%[0m
2026-05-08 23:28:38 | WARNING  | risk.risk_guard | All signals blocked — trading halted: Max drawdown 88.9% >= limit 15.0%
[32m2026-05-08 23:28:38 | INFO    [0m | [36mbot.orchestrator[0m | Approved signals after risk filter: 0[0m
2026-05-08 23:28:38 | INFO     | bot.orchestrator | Approved signals after risk filter: 0
[32m2026-05-08 23:28:38 | INFO    [0m | [36mbot.orchestrator[0m | Snapshot | equity=1027.12 | regime=unknown | positions=1 | upnl=0.00 | signals_approved=0[0m
2026-05-08 23:28:38 | INFO     | bot.orchestrator | Snapshot | equity=1027.12 | regime=unknown | positions=1 | upnl=0.00 | signals_approved=0
2026-05-08 23:29:01 | INFO     | scripts.risk_monitor | Risk | equity=1027.12 | dd=0.08% | var99=0.00% | gross_exp=8.0x | positions=1
[32m2026-05-08 23:29:38 | INFO    [0m | [36mbot.orchestrator[0m | === Cycle 103 ===[0m
2026-05-08 23:29:38 | INFO     | bot.orchestrator | === Cycle 103 ===
[32m2026-05-08 23:29:38 | INFO    [0m | [36mbot.orchestrator[0m | Market regime: unknown[0m
2026-05-08 23:29:38 | INFO     | bot.orchestrator | Market regime: unknown
[32m2026-05-08 23:29:38 | INFO    [0m | [36mbot.orchestrator[0m | Raw signals: 3[0m
2026-05-08 23:29:38 | INFO     | bot.orchestrator | Raw signals: 3
[33m2026-05-08 23:29:38 | WARNING [0m | [36mrisk.risk_guard[0m | All signals blocked — trading halted: Max drawdown 88.9% >= limit 15.0%[0m
2026-05-08 23:29:38 | WARNING  | risk.risk_guard | All signals blocked — trading halted: Max drawdown 88.9% >= limit 15.0%
[32m2026-05-08 23:29:38 | INFO    [0m | [36mbot.orchestrator[0m | Approved signals after risk filter: 0[0m
2026-05-08 23:29:38 | INFO     | bot.orchestrator | Approved signals after risk filter: 0
[32m2026-05-08 23:29:38 | INFO    [0m | [36mbot.orchestrator[0m | Snapshot | equity=1027.12 | regime=unknown | positions=1 | upnl=0.00 | signals_approved=0[0m
2026-05-08 23:29:38 | INFO     | bot.orchestrator | Snapshot | equity=1027.12 | regime=unknown | positions=1 | upnl=0.00 | signals_approved=0
2026-05-08 23:30:01 | INFO     | scripts.risk_monitor | Risk | equity=1027.12 | dd=0.08% | var99=-0.00% | gross_exp=8.0x | positions=1
[32m2026-05-08 23:30:38 | INFO    [0m | [36mbot.orchestrator[0m | === Cycle 104 ===[0m
2026-05-08 23:30:38 | INFO     | bot.orchestrator | === Cycle 104 ===
[32m2026-05-08 23:30:38 | INFO    [0m | [36mbot.orchestrator[0m | Market regime: unknown[0m
2026-05-08 23:30:38 | INFO     | bot.orchestrator | Market regime: unknown
[32m2026-05-08 23:30:38 | INFO    [0m | [36mbot.orchestrator[0m | Raw signals: 3[0m
2026-05-08 23:30:38 | INFO     | bot.orchestrator | Raw signals: 3
[33m2026-05-08 23:30:38 | WARNING [0m | [36mrisk.risk_guard[0m | All signals blocked — trading halted: Max drawdown 88.9% >= limit 15.0%[0m
2026-05-08 23:30:38 | WARNING  | risk.risk_guard | All signals blocked — trading halted: Max drawdown 88.9% >= limit 15.0%
[32m2026-05-08 23:30:38 | INFO    [0m | [36mbot.orchestrator[0m | Approved signals after risk filter: 0[0m
2026-05-08 23:30:38 | INFO     | bot.orchestrator | Approved signals after risk filter: 0
[32m2026-05-08 23:30:38 | INFO    [0m | [36mbot.orchestrator[0m | Snapshot | equity=1027.12 | regime=unknown | positions=1 | upnl=0.00 | signals_approved=0[0m
2026-05-08 23:30:38 | INFO     | bot.orchestrator | Snapshot | equity=1027.12 | regime=unknown | positions=1 | upnl=0.00 | signals_approved=0
2026-05-08 23:31:01 | INFO     | scripts.risk_monitor | Risk | equity=1027.12 | dd=0.08% | var99=-0.00% | gross_exp=8.0x | positions=1
[32m2026-05-08 23:31:38 | INFO    [0m | [36mbot.orchestrator[0m | === Cycle 105 ===[0m
2026-05-08 23:31:38 | INFO     | bot.orchestrator | === Cycle 105 ===
[32m2026-05-08 23:31:38 | INFO    [0m | [36mbot.orchestrator[0m | Market regime: unknown[0m
2026-05-08 23:31:38 | INFO     | bot.orchestrator | Market regime: unknown
[32m2026-05-08 23:31:38 | INFO    [0m | [36mbot.orchestrator[0m | Raw signals: 3[0m
2026-05-08 23:31:38 | INFO     | bot.orchestrator | Raw signals: 3
[33m2026-05-08 23:31:38 | WARNING [0m | [36mrisk.risk_guard[0m | All signals blocked — trading halted: Max drawdown 88.9% >= limit 15.0%[0m
2026-05-08 23:31:38 | WARNING  | risk.risk_guard | All signals blocked — trading halted: Max drawdown 88.9% >= limit 15.0%
[32m2026-05-08 23:31:38 | INFO    [0m | [36mbot.orchestrator[0m | Approved signals after risk filter: 0[0m
2026-05-08 23:31:38 | INFO     | bot.orchestrator | Approved signals after risk filter: 0
[32m2026-05-08 23:31:38 | INFO    [0m | [36mbot.orchestrator[0m | Snapshot | equity=1027.12 | regime=unknown | positions=1 | upnl=0.00 | signals_approved=0[0m
2026-05-08 23:31:38 | INFO     | bot.orchestrator | Snapshot | equity=1027.12 | regime=unknown | positions=1 | upnl=0.00 | signals_approved=0
2026-05-08 23:32:02 | INFO     | scripts.risk_monitor | Risk | equity=1027.12 | dd=0.08% | var99=-0.00% | gross_exp=8.0x | positions=1
[32m2026-05-08 23:32:38 | INFO    [0m | [36mbot.orchestrator[0m | === Cycle 106 ===[0m
2026-05-08 23:32:38 | INFO     | bot.orchestrator | === Cycle 106 ===
[32m2026-05-08 23:32:38 | INFO    [0m | [36mbot.orchestrator[0m | Market regime: unknown[0m
2026-05-08 23:32:38 | INFO     | bot.orchestrator | Market regime: unknown
[32m2026-05-08 23:32:38 | INFO    [0m | [36mbot.orchestrator[0m | Raw signals: 3[0m
2026-05-08 23:32:38 | INFO     | bot.orchestrator | Raw signals: 3
[33m2026-05-08 23:32:38 | WARNING [0m | [36mrisk.risk_guard[0m | All signals blocked — trading halted: Max drawdown 88.9% >= limit 15.0%[0m
2026-05-08 23:32:38 | WARNING  | risk.risk_guard | All signals blocked — trading halted: Max drawdown 88.9% >= limit 15.0%
[32m2026-05-08 23:32:38 | INFO    [0m | [36mbot.orchestrator[0m | Approved signals after risk filter: 0[0m
2026-05-08 23:32:38 | INFO     | bot.orchestrator | Approved signals after risk filter: 0
[32m2026-05-08 23:32:38 | INFO    [0m | [36mbot.orchestrator[0m | Snapshot | equity=1027.12 | regime=unknown | positions=1 | upnl=0.00 | signals_approved=0[0m
2026-05-08 23:32:38 | INFO     | bot.orchestrator | Snapshot | equity=1027.12 | regime=unknown | positions=1 | upnl=0.00 | signals_approved=0
2026-05-08 23:33:02 | INFO     | scripts.risk_monitor | Risk | equity=1027.12 | dd=0.08% | var99=-0.00% | gross_exp=8.0x | positions=1
[32m2026-05-08 23:33:38 | INFO    [0m | [36mbot.orchestrator[0m | === Cycle 107 ===[0m
2026-05-08 23:33:38 | INFO     | bot.orchestrator | === Cycle 107 ===
[32m2026-05-08 23:33:38 | INFO    [0m | [36mbot.orchestrator[0m | Market regime: unknown[0m
2026-05-08 23:33:38 | INFO     | bot.orchestrator | Market regime: unknown
[32m2026-05-08 23:33:38 | INFO    [0m | [36mbot.orchestrator[0m | Raw signals: 3[0m
2026-05-08 23:33:38 | INFO     | bot.orchestrator | Raw signals: 3
[33m2026-05-08 23:33:38 | WARNING [0m | [36mrisk.risk_guard[0m | All signals blocked — trading halted: Max drawdown 88.9% >= limit 15.0%[0m
2026-05-08 23:33:38 | WARNING  | risk.risk_guard | All signals blocked — trading halted: Max drawdown 88.9% >= limit 15.0%
[32m2026-05-08 23:33:38 | INFO    [0m | [36mbot.orchestrator[0m | Approved signals after risk filter: 0[0m
2026-05-08 23:33:38 | INFO     | bot.orchestrator | Approved signals after risk filter: 0
[32m2026-05-08 23:33:38 | INFO    [0m | [36mbot.orchestrator[0m | Snapshot | equity=1027.12 | regime=unknown | positions=1 | upnl=0.00 | signals_approved=0[0m
2026-05-08 23:33:38 | INFO     | bot.orchestrator | Snapshot | equity=1027.12 | regime=unknown | positions=1 | upnl=0.00 | signals_approved=0
2026-05-08 23:34:02 | INFO     | scripts.risk_monitor | Risk | equity=1027.12 | dd=0.08% | var99=-0.00% | gross_exp=8.0x | positions=1
[32m2026-05-08 23:34:38 | INFO    [0m | [36mbot.orchestrator[0m | === Cycle 108 ===[0m
2026-05-08 23:34:38 | INFO     | bot.orchestrator | === Cycle 108 ===
[32m2026-05-08 23:34:38 | INFO    [0m | [36mbot.orchestrator[0m | Market regime: unknown[0m
2026-05-08 23:34:38 | INFO     | bot.orchestrator | Market regime: unknown
[32m2026-05-08 23:34:38 | INFO    [0m | [36mbot.orchestrator[0m | Raw signals: 3[0m
2026-05-08 23:34:38 | INFO     | bot.orchestrator | Raw signals: 3
[33m2026-05-08 23:34:38 | WARNING [0m | [36mrisk.risk_guard[0m | All signals blocked — trading halted: Max drawdown 88.9% >= limit 15.0%[0m
2026-05-08 23:34:38 | WARNING  | risk.risk_guard | All signals blocked — trading halted: Max drawdown 88.9% >= limit 15.0%
[32m2026-05-08 23:34:38 | INFO    [0m | [36mbot.orchestrator[0m | Approved signals after risk filter: 0[0m
2026-05-08 23:34:38 | INFO     | bot.orchestrator | Approved signals after risk filter: 0
[32m2026-05-08 23:34:38 | INFO    [0m | [36mbot.orchestrator[0m | Snapshot | equity=1027.12 | regime=unknown | positions=1 | upnl=0.00 | signals_approved=0[0m
2026-05-08 23:34:38 | INFO     | bot.orchestrator | Snapshot | equity=1027.12 | regime=unknown | positions=1 | upnl=0.00 | signals_approved=0
