{
  "timestamp_utc": "2026-04-15T21:24:15.327815+00:00",
  "mode": "weekend-calibrate",
  "symbols": [
    "WMT",
    "AMZN",
    "AAPL",
    "UNH",
    "CVS",
    "BRK.B",
    "GOOGL",
    "XOM",
    "MCK",
    "JPM",
    "COST",
    "COR",
    "CI",
    "MSFT",
    "CAH",
    "CVX",
    "BAC",
    "GM",
    "F",
    "ELV",
    "C",
    "META",
    "CNC",
    "HD",
    "FNMA",
    "KR",
    "PSX",
    "MPC",
    "VZ",
    "NVDA",
    "GS",
    "WFC",
    "VLO",
    "CMCSA",
    "T",
    "FMCC",
    "HUM",
    "MS",
    "TGT"
  ],
  "samples": 97032,
  "summary": {
    "ensemble_accuracy": 0.5219095497494651,
    "estimated_strategy_daily_return": 0.0005049617225710861,
    "estimated_strategy_annual_return": 0.13662905609885362,
    "champion_score": 0.63955,
    "robustness_score": 0.9639189415373876,
    "walk_forward_accuracy": 0.542130525061334,
    "walk_forward_daily_return_proxy": 0.00041776336920424707,
    "generalization_gap": 0.03608105846261246,
    "meets_accuracy_target": false,
    "meets_daily_return_target": false,
    "targets": {
      "target_accuracy": 0.56,
      "target_daily_return": 0.002
    },
    "note": "Champion selected with walk-forward stability, return-proxy, and anti-overfit penalties. Targets remain optimization objectives, not guarantees."
  },
  "model_details": {
    "logreg": {
      "accuracy": 0.5214098005874169,
      "log_loss": 0.6934753739416979,
      "n_test": 19407,
      "train_accuracy": 0.5543961352657005,
      "train_log_loss": 0.6857820522375325,
      "generalization_gap": 0.0329863346782836,
      "daily_return_proxy": 0.000506629463231018,
      "annualized_return_proxy": 0.1359953114511252,
      "cumulative_return_proxy": 2.2400608075963533e+21,
      "sharpe_proxy": 0.30571553217215336,
      "win_rate": 0.5137321584995105,
      "evaluation_mode": "holdout"
    },
    "rf": {
      "accuracy": 0.5255835523264801,
      "log_loss": 0.6924259594128355,
      "n_test": 19407,
      "train_accuracy": 0.5580676328502415,
      "train_log_loss": 0.6855238374612505,
      "generalization_gap": 0.032484080523761394,
      "daily_return_proxy": 0.0007215424639335265,
      "annualized_return_proxy": 0.19901632903379762,
      "cumulative_return_proxy": 2.5531303587651565e+30,
      "sharpe_proxy": 0.4359247949077974,
      "win_rate": 0.517854382439326,
      "evaluation_mode": "holdout"
    },
    "mlp": {
      "accuracy": 0.5187303550265369,
      "log_loss": 0.6933386619872394,
      "n_test": 19407,
      "train_accuracy": 0.5615072463768116,
      "train_log_loss": 0.6812138317979437,
      "generalization_gap": 0.04277689135027474,
      "daily_return_proxy": 0.0002864280892737455,
      "annualized_return_proxy": 0.0747931687764205,
      "cumulative_return_proxy": 1176481879172.6777,
      "sharpe_proxy": 0.17268654090288718,
      "win_rate": 0.5091461843664657,
      "evaluation_mode": "holdout"
    }
  },
  "model_params_used": {
    "logreg": {
      "max_iter": 400,
      "solver": "lbfgs",
      "random_state": 42,
      "C": 0.2
    },
    "rf": {
      "n_estimators": 120,
      "max_depth": 4,
      "min_samples_leaf": 157,
      "random_state": 42,
      "n_jobs": 10
    },
    "mlp": {
      "hidden_layer_sizes": [
        27,
        16
      ],
      "learning_rate_init": 0.00031680559312500004,
      "max_iter": 260,
      "random_state": 42,
      "alpha": 0.0048427561125000025
    }
  },
  "candidate_leaderboard": [
    {
      "label": "stability_bias",
      "score": 0.63955,
      "ensemble_accuracy": 0.542130525061334,
      "ensemble_log_loss": 0.689606925241226,
      "ensemble_daily_return_proxy": 0.00041776336920424707,
      "ensemble_annualized_return_proxy": 0.11910850240012683,
      "ensemble_sharpe_proxy": 0.3532825449673286,
      "ensemble_win_rate": 0.5352634754978995,
      "robustness_score": 0.9180331942627868,
      "generalization_gap": 0.01916226088633416,
      "selection_rows": 12000,
      "walk_forward_folds": 3,
      "model_errors": {},
      "model_params": {
        "logreg": {
          "max_iter": 400,
          "solver": "lbfgs",
          "random_state": 42,
          "C": 0.2
        },
        "rf": {
          "n_estimators": 120,
          "max_depth": 4,
          "min_samples_leaf": 157,
          "random_state": 42,
          "n_jobs": 10
        },
        "mlp": {
          "hidden_layer_sizes": [
            27,
            16
          ],
          "learning_rate_init": 0.00031680559312500004,
          "max_iter": 260,
          "random_state": 42,
          "alpha": 0.0048427561125000025
        }
      }
    },
    {
      "label": "warm_start",
      "score": 0.632259,
      "ensemble_accuracy": 0.5394282910522682,
      "ensemble_log_loss": 0.6896244350283508,
      "ensemble_daily_return_proxy": 0.0003597023152538024,
      "ensemble_annualized_return_proxy": 0.10388063866587566,
      "ensemble_sharpe_proxy": 0.31032196759655173,
      "ensemble_win_rate": 0.532097868208117,
      "robustness_score": 0.9047190220005229,
      "generalization_gap": 0.02444952643475914,
      "selection_rows": 12000,
      "walk_forward_folds": 3,
      "model_errors": {},
      "model_params": {
        "logreg": {
          "max_iter": 400,
          "solver": "lbfgs",
          "random_state": 42,
          "C": 0.2
        },
        "rf": {
          "n_estimators": 120,
          "max_depth": 4,
          "min_samples_leaf": 98,
          "random_state": 42,
          "n_jobs": 10
        },
        "mlp": {
          "hidden_layer_sizes": [
            32,
            17
          ],
          "learning_rate_init": 0.0003727124625000001,
          "max_iter": 260,
          "random_state": 42,
          "alpha": 0.0035872267500000016
        }
      }
    },
    {
      "label": "balanced_bias",
      "score": 0.629917,
      "ensemble_accuracy": 0.5397374467354691,
      "ensemble_log_loss": 0.6898256280103781,
      "ensemble_daily_return_proxy": 0.0003480155015769121,
      "ensemble_annualized_return_proxy": 0.10203729922187815,
      "ensemble_sharpe_proxy": 0.3038814167658894,
      "ensemble_win_rate": 0.5324071735851005,
      "robustness_score": 0.8978218952256902,
      "generalization_gap": 0.02880924989533303,
      "selection_rows": 12000,
      "walk_forward_folds": 3,
      "model_errors": {},
      "model_params": {
        "logreg": {
          "max_iter": 400,
          "solver": "lbfgs",
          "random_state": 42,
          "C": 0.22999999999999998
        },
        "rf": {
          "n_estimators": 140,
          "max_depth": 5,
          "min_samples_leaf": 88,
          "random_state": 42,
          "n_jobs": 10
        },
        "mlp": {
          "hidden_layer_sizes": [
            37,
            20
          ],
          "learning_rate_init": 0.0003913480856250001,
          "max_iter": 260,
          "random_state": 42,
          "alpha": 0.0035872267500000016
        }
      }
    },
    {
      "label": "defaults",
      "score": 0.612995,
      "ensemble_accuracy": 0.5364052935354013,
      "ensemble_log_loss": 0.6956026977007053,
      "ensemble_daily_return_proxy": 0.0003693990670678289,
      "ensemble_annualized_return_proxy": 0.10541123091048923,
      "ensemble_sharpe_proxy": 0.3179201222533208,
      "ensemble_win_rate": 0.529307067422379,
      "robustness_score": 0.8480339370154233,
      "generalization_gap": 0.0705030495725781,
      "selection_rows": 12000,
      "walk_forward_folds": 3,
      "model_errors": {},
      "model_params": {
        "logreg": {
          "max_iter": 400,
          "solver": "lbfgs",
          "random_state": 42,
          "C": 1.0
        },
        "rf": {
          "n_estimators": 220,
          "max_depth": 8,
          "min_samples_leaf": 10,
          "random_state": 42,
          "n_jobs": -1
        },
        "mlp": {
          "hidden_layer_sizes": [
            64,
            32
          ],
          "learning_rate_init": 0.0008,